cat,collector,species,sex,state,locality,longitude,latitude,elevation,FL
190,PEP6,parvidens,F,VERACRUZ,"Estación Biológica ""El Morro de la Mancha""",-96.385,19.60055556,25.66773987,38.5
192,PEP11,parvidens,M,VERACRUZ,"Estación Biológica ""El Morro de la Mancha""",-96.385,19.60055556,25.66773987,40
193,PEP05a,parvidens,F,VERACRUZ,"Estación Biológica ""El Morro de la Mancha""",-96.385,19.60055556,25.66773987,41.2
194,PEP4,parvidens,F,VERACRUZ,"Estación Biológica ""El Morro de la Mancha""",-96.385,19.60055556,25.66773987,38.3
203,PEP3,parvidens,F,VERACRUZ,"Estación Biológica ""El Morro de la Mancha""",-96.385,19.60055556,25.66773987,38.4
244,98MG,hondurensis,M,GUERRERO,Filo de los Caballos. 3 km NE. El Puerto,-99.82527778,17.66333333,2070.330078,44.5
245,107MG,hondurensis,F,GUERRERO,Filo de los Caballos. 3 km NE. El Puerto,-99.82527778,17.66333333,2070.330078,42
246,99MG,hondurensis,F,GUERRERO,Filo de los Caballos. 3 km NE. El Puerto,-99.82527778,17.66333333,2070.330078,42
247,103MG,hondurensis,M,GUERRERO,Filo de los Caballos. 3 km NE. El Puerto,-99.82527778,17.66333333,2070.330078,43.5
293,MG,parvidens,M,GUERRERO,Barranca del Tío Chico Reyes,-99.73333333,17.61666667,1737,40.8
302,92MG,hondurensis,M,GUERRERO,Filo de los Caballos. 3 km NE. El Puerto,-99.82527778,17.66333333,2070.330078,43.6
304,89MG,hondurensis,M,GUERRERO,Filo de los Caballos. 3 km NE. El Puerto,-99.82527778,17.66333333,2070.330078,43.2
318,62MG,parvidens,F,GUERRERO,Jalapa,-99.60833333,17.63083333,1703.005493,41.4
320,114MG,parvidens,F,Guerrero,Casa de Teja,-99.516668,17.616656,1394,39
326,97MG,hondurensis,M,GUERRERO,Filo de los Caballos. 3 km NE. El Puerto,-99.82527778,17.66333333,2070.330078,42.5
327,67MG,hondurensis,M,GUERRERO,Filo de los Caballos. 3 km NE. El Puerto,-99.82527778,17.66333333,2070.330078,44.4
328,90MG,hondurensis,M,GUERRERO,Filo de los Caballos. 3 km NE. El Puerto,-99.82527778,17.66333333,2070.330078,41.6
330,93MG,hondurensis,M,GUERRERO,Filo de los Caballos. 3 km NE. El Puerto,-99.82527778,17.66333333,2070.330078,44.3
334,69MGa,hondurensis,F,GUERRERO,Filo de los Caballos. 3 km NE. El Puerto,-99.82527778,17.66333333,2070.330078,43.1
335,94MG,hondurensis,M,GUERRERO,Filo de los Caballos. 3 km NE. El Puerto,-99.82527778,17.66333333,2070.330078,42
346,MG35,hondurensis,F,GUERRERO,Filo de los Caballos. 3 km NE. El Puerto,-99.82527778,17.66333333,2070.330078,44.3
347,MG8,parvidens,F,GUERRERO,Frutillas,-99.61944444,17.53666667,1990,38.8
349,15MG,parvidens,F,GUERRERO,Barranca del Tío Chico Reyes,-99.73333333,17.61666667,1737,41.42
354,MGa,parvidens,M,GUERRERO,Barranca del Tío Chico Reyes,-99.73333333,17.61666667,1737,40.2
356,18MG,parvidens,M,GUERRERO,Barranca del Tío Chico Reyes,-99.73333333,17.61666667,1737,40.2
357,ASA,hondurensis,F,GUERRERO,Barranca del Tío Chico Reyes,-99.73333333,17.61666667,1737,43.2
358,7MG,parvidens,F,GUERRERO,Frutillas,-99.61944444,17.53666667,1990,39.4
363,MG201,parvidens,M,GUERRERO,Jolotichán,-98.78027778,16.78222222,279.9507446,39
364,16MG,parvidens,M,GUERRERO,Barranca del Tío Chico Reyes,-99.73333333,17.61666667,1737,41.3
393,MG248,parvidens,M,GUERRERO,"Jolotichán, 1 km W",-98.72,16.78027778,415.6338501,40.2
401,258MG,parvidens,M,GUERRERO,"Río Marquelia, orilla E",-98.74777778,16.81277778,270.4338379,39.2
611,"503DNL, 039JCM",hondurensis,F,GUERRERO,Puerto del Gallo,-100.1844444,17.48444444,2450,42
612,"504DNL, 40JCM",hondurensis,M,GUERRERO,"Puerto del Gallo, 1 km E. Cerro Teotepec",-100.1641667,17.48444444,2450,42.5
614,"501DNL, 036JCM",hondurensis,F,GUERRERO,Puerto del Gallo,-100.1844444,17.48444444,2450,43.2
708,4C.V.Q.FCVTUNAM,parvidens,M,MORELOS,"Coatlán del Río, 1 km SW",-99.43388889,18.73972222,1004.125793,41.9
709,3C.V.Q.FCVTUNAM,parvidens,F,MORELOS,"Coatlán del Río, 1 km SW",-99.43388889,18.73972222,1004.125793,40.3
747,279MQ,parvidens,F,QUERÉTARO DE ARTEAGA,"Ahuacatlán de Guadalupe, 1 km S",-99.54305556,21.20166667,1000,38.9
748,282MQ,parvidens,M,QUERÉTARO DE ARTEAGA,"Ahuacatlán de Guadalupe, 1 km S",-99.54305556,21.20166667,1000,38.7
749,0295MQ,parvidens,M,QUERÉTARO DE ARTEAGA,"Ahuacatlán de Guadalupe, 2 km S",-99.54305556,21.19388889,840,40.8
750,0296MQ,parvidens,M,QUERÉTARO DE ARTEAGA,"Ahuacatlán de Guadalupe, 2 km S",-99.54305556,21.19388889,840,37.5
751,280MQ,parvidens,M,QUERÉTARO DE ARTEAGA,"Ahuacatlán de Guadalupe, 1 km S",-99.54305556,21.20166667,1000,39.6
752,281MQ,parvidens,M,QUERÉTARO DE ARTEAGA,"Ahuacatlán de Guadalupe, 1 km S",-99.54305556,21.20166667,1000,39.6
755,22MQ,parvidens,F,QUERÉTARO DE ARTEAGA,Santa Inés,-99.12611111,21.1775,1314.00293,39.4
756,0640MQ,parvidens,M,QUERÉTARO DE ARTEAGA,"Jalpan, 8 km N",-99.5,21.27983333,771.8669434,41.2
757,687MQ,parvidens,M,QUERÉTARO DE ARTEAGA,"Ahuacatlán de Guadalupe, 2.8 km SW",-99.56888889,21.19916667,1000,39.6
758,0730MQ,parvidens,M,QUERÉTARO DE ARTEAGA,"Ahuacatlán de Guadalupe, 5.1 km SW",-99.59111111,21.19388889,1000,39.6
759,0418MQ,parvidens,F,QUERÉTARO DE ARTEAGA,"Jalpan, 8 km N",-99.5,21.27983333,771.8669434,40.2
760,0725MQ,parvidens,M,QUERÉTARO DE ARTEAGA,"Ahuacatlán de Guadalupe, 2.8 km SW",-99.56888889,21.19916667,1000,39.6
761,0624MQ,parvidens,M,QUERÉTARO DE ARTEAGA,"Jalpan, 8 km N",-99.5,21.27983333,771.8669434,40
762,0625MQ,parvidens,F,QUERÉTARO DE ARTEAGA,"Jalpan, 8 km N",-99.5,21.27983333,771.8669434,38.3
763,0736MQ,parvidens,M,QUERÉTARO DE ARTEAGA,"Ahuacatlán de Guadalupe, 3.7 km SW",-99.58111111,21.19972222,1000,39.6
764,0907MQ,parvidens,F,QUERÉTARO DE ARTEAGA,"Jalpan, 8 km N",-99.5,21.27983333,765.508728,38.4
765,0992MQ,parvidens,F,QUERÉTARO DE ARTEAGA,"Ahuacatlán de Guadalupe, 2 km S",-99.54305556,21.19388889,840,39.5
766,0964MQ,parvidens,F,QUERÉTARO DE ARTEAGA,"Ahuacatlán de Guadalupe, 2.8 km SW",-99.56888889,21.19916667,1000,37.9
767,0908MQ,parvidens,F,QUERÉTARO DE ARTEAGA,"Jalpan, 8 km N",-99.5,21.27983333,765.508728,38.8
768,0959MQ,parvidens,F,QUERÉTARO DE ARTEAGA,"Santa Inés, 2.8 km NW",-99.08333333,21.2,1103.836182,38.9
769,0906MQ,parvidens,F,QUERÉTARO DE ARTEAGA,"Jalpan, 8 km N",-99.5,21.27983333,765.508728,39.6
770,1006MQ,parvidens,F,QUERÉTARO DE ARTEAGA,"Ahuacatlán de Guadalupe, 2 km SW",-99.57416667,21.20166667,1000,39
771,1009MQ,parvidens,M,QUERÉTARO DE ARTEAGA,"Ahuacatlán de Guadalupe, 2 km SW",-99.57416667,21.20166667,1000,39.5
772,0887MQ,parvidens,M,QUERÉTARO DE ARTEAGA,"Jalpan, 8 km N",-99.5,21.27983333,765.508728,39.9
816,297MQ,parvidens,M,QUERÉTARO DE ARTEAGA,"Ahuacatlán de Guadalupe, 2 km S",-99.54305556,21.19388889,840,40.9
817,241MQ,parvidens,F,QUERÉTARO DE ARTEAGA,"Jalpan, 8 km N",-99.5,21.27983333,765.508728,40.7
818,256MQ,parvidens,F,QUERÉTARO DE ARTEAGA,"Jalpan, 8 km N",-99.5,21.27983333,765.508728,39
819,243MQ,parvidens,F,QUERÉTARO DE ARTEAGA,"Jalpan, 8 km N",-99.5,21.27983333,765.508728,38.6
821,205MQ,parvidens,M,QUERÉTARO DE ARTEAGA,Santa Inés,-99.12611111,21.1775,1326.494263,37.6
822,77MQ,parvidens,M,QUERÉTARO DE ARTEAGA,"Ahuacatlán de Guadalupe, 1 km S",-99.54305556,21.20166667,1000,40.3
823,0889MQ,parvidens,M,QUERÉTARO DE ARTEAGA,"Jalpan, 8 km N",-99.5,21.27983333,765.508728,40.4
824,0865MQ,parvidens,F,QUERÉTARO DE ARTEAGA,"Jalpan, 8 km N",-99.5,21.27983333,765.508728,40.8
825,0411MQ,parvidens,F,QUERÉTARO DE ARTEAGA,"Jalpan, 8 km N",-99.5,21.27983333,765.508728,38.9
826,0412MQ,parvidens,M,QUERÉTARO DE ARTEAGA,"Jalpan, 8 km N",-99.5,21.27983333,765.508728,39.7
827,0866MQ,parvidens,F,QUERÉTARO DE ARTEAGA,"Jalpan, 8 km N",-99.5,21.27983333,765.508728,40.8
828,0410MQ,parvidens,M,QUERÉTARO DE ARTEAGA,"Jalpan, 8 km N",-99.5,21.27983333,765.508728,40.5
829,181MQ,parvidens,F,QUERÉTARO DE ARTEAGA,Camargo,-99.73333333,21.1,1710.312256,39
830,0689MQ,parvidens,F,QUERÉTARO DE ARTEAGA,"Ahuacatlán de Guadalupe, 2.8 km SW",-99.56888889,21.19916667,1000,38.5
831,0886MQ,parvidens,M,QUERÉTARO DE ARTEAGA,"Jalpan, 8 km N",-99.5,21.27983333,765.508728,41.2
832,0884MQ,parvidens,F,QUERÉTARO DE ARTEAGA,"Jalpan, 8 km N",-99.5,21.27983333,765.508728,40.2
833,0883MQ,parvidens,F,QUERÉTARO DE ARTEAGA,"Jalpan, 8 km N",-99.5,21.27983333,765.508728,39.9
834,0738MQ,parvidens,F,QUERÉTARO DE ARTEAGA,"Ahuacatlán de Guadalupe, 3.7 km SW",-99.58111111,21.19972222,1000,40.9
1093,983MQ,hondurensis,F,QUERÉTARO DE ARTEAGA,"Ahuacatlán de Guadalupe, 2 km S",-99.54305556,21.19388889,840,39.76
1094,965MQ,hondurensis,F,QUERÉTARO DE ARTEAGA,"Ahuacatlán de Guadalupe, 1 km SW",-99.56416667,21.20916667,1000,43.9
1095,276MQ,hondurensis,M,QUERÉTARO DE ARTEAGA,"Ahuacatlán de Guadalupe, 2 km S",-99.54305556,21.19388889,840,41.2
1096,75MQ,hondurensis,M,QUERÉTARO DE ARTEAGA,"Ahuacatlán de Guadalupe, 2 km SW",-99.57416667,21.20166667,1000,43.8
1097,1069MQ,hondurensis,F,QUERÉTARO DE ARTEAGA,Camargo,-99.73333333,21.1,1710.312256,44
1098,207MQ,hondurensis,M,QUERÉTARO DE ARTEAGA,Santa Inés,-99.12611111,21.1775,1326.494263,43.6
1099,180MQ,hondurensis,F,QUERÉTARO DE ARTEAGA,Camargo,-99.73333333,21.1,1710.312256,43.1
1100,167MQ,hondurensis,F,QUERÉTARO DE ARTEAGA,Camargo,-99.73333333,21.1,1710.312256,43.9
1101,283MQ,parvidens,M,QUERÉTARO DE ARTEAGA,"Ahuacatlán de Guadalupe, 1 km S",-99.54305556,21.20166667,1000,39.7
1102,1109MQ,parvidens,F,QUERÉTARO DE ARTEAGA,"Jalpan, 8 km N",-99.5,21.27983333,765.508728,39.9
1103,0409MQ,parvidens,F,QUERÉTARO DE ARTEAGA,"Jalpan, 8 km N",-99.5,21.27983333,765.508728,40.4
1104,1164MQ,parvidens,F,QUERÉTARO DE ARTEAGA,"Ahuacatlán de Guadalupe, 2.8 km SW",-99.56888889,21.19916667,1000,38.7
1105,0970MQ,parvidens,F,QUERÉTARO DE ARTEAGA,"Ahuacatlán de Guadalupe, 2.8 km SW",-99.56888889,21.19916667,1000,40.5
1106,203MQ,parvidens,M,QUERÉTARO DE ARTEAGA,Santa Inés,-99.12611111,21.1775,1326.494263,39
1107,278MQ,parvidens,F,QUERÉTARO DE ARTEAGA,"Ahuacatlán de Guadalupe, 1 km S",-99.54305556,21.20166667,1000,38
1108,0301MQ,parvidens,F,QUERÉTARO DE ARTEAGA,"Ahuacatlán de Guadalupe, 1 km S",-99.54305556,21.20166667,1000,39.8
1109,165MQ,parvidens,M,QUERÉTARO DE ARTEAGA,Camargo,-99.73333333,21.1,1710.312256,43.44
1134,1110MQ,hondurensis,F,QUERÉTARO DE ARTEAGA,"Jalpan, 8 km N",-99.5,21.27983333,765.508728,43.5
1135,1095MQ,hondurensis,F,QUERÉTARO DE ARTEAGA,"Peña Blanca, 14.3 km SE",-99.65,20.95,2002.511108,42.4
1136,1096MQ,hondurensis,F,QUERÉTARO DE ARTEAGA,"Peña Blanca, 14.3 km SE",-99.65,20.95,2002.511108,43
1137,1097MQ,hondurensis,F,QUERÉTARO DE ARTEAGA,"Peña Blanca, 14.3 km SE",-99.65,20.95,2002.511108,43.1
1165,284MQ,parvidens,M,QUERÉTARO DE ARTEAGA,"Ahuacatlán de Guadalupe, 1 km S",-99.54305556,21.20166667,1000,40.4
1166,45MQ,parvidens,F,QUERÉTARO DE ARTEAGA,"Santa Inés, 8 km S. Río Moctezuma",-99.12694444,21.15583333,1400,38.1
1167,596MQ,parvidens,F,QUERÉTARO DE ARTEAGA,"Jalpan, 8 km N",-99.5,21.27983333,765.508728,40.9
1168,572MQ,parvidens,F,QUERÉTARO DE ARTEAGA,"Jalpan, 8 km N",-99.5,21.27983333,765.508728,39.4
1169,561MQ,parvidens,M,QUERÉTARO DE ARTEAGA,"Jalpan, 8 km N",-99.5,21.27983333,765.508728,38
1170,574MQ,parvidens,M,QUERÉTARO DE ARTEAGA,"Jalpan, 8 km N",-99.5,21.27983333,765.508728,39.7
1171,0691MQ,parvidens,F,QUERÉTARO DE ARTEAGA,"Ahuacatlán de Guadalupe, 2.8 km SW",-99.56888889,21.19916667,1000,36
1172,0885MQ,parvidens,F,QUERÉTARO DE ARTEAGA,"Jalpan, 8 km N",-99.5,21.27983333,765.508728,40.9
1173,0737MQ,parvidens,M,QUERÉTARO DE ARTEAGA,"Ahuacatlán de Guadalupe, 3.7 km SW",-99.58111111,21.19972222,1000,41.3
1174,0968MQ,parvidens,M,QUERÉTARO DE ARTEAGA,"Ahuacatlán de Guadalupe, 1 km SW",-99.56416667,21.20916667,1000,39.7
1175,0958MQ,parvidens,M,QUERÉTARO DE ARTEAGA,"Santa Inés, 2.8 km NW",-99.08333333,21.2,1103.836182,39.6
1176,0896MQ,parvidens,F,QUERÉTARO DE ARTEAGA,"Jalpan, 8 km N",-99.5,21.27983333,765.508728,39.1
1177,0902MQ,parvidens,F,QUERÉTARO DE ARTEAGA,"Jalpan, 8 km N",-99.5,21.27983333,765.508728,36.7
1178,0969MQ,parvidens,F,QUERÉTARO DE ARTEAGA,"Ahuacatlán de Guadalupe, 2.8 km S",-99.54305556,21.19,1000,38.9
1179,0901MQ,parvidens,M,QUERÉTARO DE ARTEAGA,"Jalpan, 8 km N",-99.5,21.27983333,765.508728,39.2
1180,0986MQ,parvidens,F,QUERÉTARO DE ARTEAGA,"Ahuacatlán de Guadalupe, 2 km S",-99.54305556,21.19388889,840,39.6
1181,0888MQ,parvidens,M,QUERÉTARO DE ARTEAGA,"Jalpan, 8 km N",-99.5,21.27983333,765.508728,38.3
1182,0690MQ,parvidens,M,QUERÉTARO DE ARTEAGA,"Ahuacatlán de Guadalupe, 2.8 km SW",-99.56888889,21.19916667,1000,40.1
1183,0740MQ,parvidens,M,QUERÉTARO DE ARTEAGA,"Ahuacatlán de Guadalupe, 3.7 km SW",-99.58111111,21.19972222,1000,40.5
1184,0721MQ,parvidens,M,QUERÉTARO DE ARTEAGA,"Ahuacatlán de Guadalupe, 2.8 km SW",-99.56888889,21.19916667,1000,39.4
1185,568MQ,parvidens,F,QUERÉTARO DE ARTEAGA,"Jalpan, 8 km N",-99.5,21.27983333,765.508728,39.7
1186,584MQ,parvidens,F,QUERÉTARO DE ARTEAGA,"Jalpan, 8 km N",-99.5,21.27983333,765.508728,40.2
1187,576MQ,parvidens,M,QUERÉTARO DE ARTEAGA,"Jalpan, 8 km N",-99.5,21.27983333,765.508728,38.4
1188,0875MQ,parvidens,F,QUERÉTARO DE ARTEAGA,"Jalpan, 8 km N",-99.5,21.27983333,765.508728,39.3
1189,577MQ,parvidens,M,QUERÉTARO DE ARTEAGA,"Jalpan, 8 km N",-99.5,21.27983333,765.508728,40.6
1190,585MQ,parvidens,M,QUERÉTARO DE ARTEAGA,"Jalpan, 8 km N",-99.5,21.27983333,765.508728,38.9
1191,0878MQ,parvidens,F,QUERÉTARO DE ARTEAGA,"Jalpan, 8 km N",-99.5,21.27983333,765.508728,39.8
1192,0891MQ,parvidens,M,QUERÉTARO DE ARTEAGA,"Jalpan, 8 km N",-99.5,21.27983333,765.508728,40.5
1193,0692MQ,parvidens,M,QUERÉTARO DE ARTEAGA,"Ahuacatlán de Guadalupe, 2.8 km SW",-99.56888889,21.19916667,1000,41.4
1194,0573MQ,parvidens,M,QUERÉTARO DE ARTEAGA,"Jalpan, 8 km N",-99.5,21.27983333,765.508728,41
1195,0867MQ,parvidens,M,QUERÉTARO DE ARTEAGA,"Jalpan, 8 km N",-99.5,21.27983333,765.508728,40.6
1196,40MQ,parvidens,F,QUERÉTARO DE ARTEAGA,"Santa Inés, 8 km S. Río Moctezuma",-99.12694444,21.15583333,1400,38.4
1209,1152MQ,parvidens,M,QUERÉTARO DE ARTEAGA,Santa Inés,-99.12611111,21.1775,1326.494263,38.9
1210,1107MQ,parvidens,F,QUERÉTARO DE ARTEAGA,"Jalpan, 8 km N",-99.5,21.27983333,765.508728,40
1211,1178MQ,parvidens,F,QUERÉTARO DE ARTEAGA,"Ahuacatlán de Guadalupe, 2.8 km SW",-99.56888889,21.19916667,1000,38.6
1212,0575MQ,parvidens,F,QUERÉTARO DE ARTEAGA,"Jalpan, 8 km N",-99.5,21.27983333,765.508728,38.5
1213,1060MQ,parvidens,F,QUERÉTARO DE ARTEAGA,Camargo,-99.73333333,21.1,1710.312256,40.4
1214,0595MQ,parvidens,M,QUERÉTARO DE ARTEAGA,"Jalpan, 8 km N",-99.5,21.27983333,765.508728,39.3
1215,100MQ,parvidens,M,QUERÉTARO DE ARTEAGA,"Ahuacatlán de Guadalupe, 1 km S",-99.54305556,21.20166667,1000,39.3
1216,24MQ,parvidens,F,QUERÉTARO DE ARTEAGA,Santa Inés,-99.12611111,21.1775,1326.494263,37
1217,19MQ,parvidens,F,QUERÉTARO DE ARTEAGA,Santa Inés,-99.12611111,21.1775,1326.494263,38.3
1542,1078JJG,parvidens,M,GUERRERO,Río Santiago,-100.3266667,17.25833333,680,39.1
1543,974JJG,parvidens,M,GUERRERO,Puente de Lugardo,-100.2522222,17.34194444,800,38.3
1544,1148JJGa,parvidens,F,GUERRERO,Río Santiago,-100.3266667,17.25833333,680,38.8
1545,1066JJG,parvidens,F,GUERRERO,Río Santiago,-100.3266667,17.25833333,680,39.6
1546,968JJG,parvidens,F,GUERRERO,Puente de Lugardo,-100.2522222,17.34194444,800,39.1
1547,1067JJG,parvidens,F,GUERRERO,Río Santiago,-100.3266667,17.25833333,680,39.5
1548,1077JJG,parvidens,M,GUERRERO,Río Santiago,-100.3266667,17.25833333,680,40.46
1549,1080JJG,parvidens,M,GUERRERO,Río Santiago,-100.3266667,17.25833333,680,38.3
1550,1115JJG,parvidens,F,GUERRERO,Río Santiago,-100.3266667,17.25833333,680,37.3
1551,1054JJG,parvidens,M,GUERRERO,El Faisanal,-100.2086111,17.41416667,1140,40
1552,898JJG,parvidens,F,GUERRERO,El Faisanal,-100.2086111,17.41416667,1140,37.02
1553,900JJG,parvidens,M,GUERRERO,El Faisanal,-100.2086111,17.41416667,1140,39.4
1554,902JJG,parvidens,M,GUERRERO,El Faisanal,-100.2086111,17.41416667,1140,38.8
1555,857JJG,parvidens,F,GUERRERO,Nueva Delhi,-100.2036111,17.42,1350,38.3
1556,899JJG,parvidens,F,GUERRERO,El Faisanal,-100.2086111,17.41416667,1140,38
1557,927JJG,parvidens,F,GUERRERO,Puente de Lugardo,-100.2522222,17.34194444,800,38.9
1558,794JJG,parvidens,F,GUERRERO,Nueva Delhi,-100.2036111,17.42,1350,39.1
1559,928JJG,parvidens,F,GUERRERO,Puente de Lugardo,-100.2522222,17.34194444,800,40.2
1560,939JJG,parvidens,F,GUERRERO,Puente de Lugardo,-100.2522222,17.34194444,800,38.3
1561,823JJG,parvidens,F,GUERRERO,Puente de Lugardo,-100.2522222,17.34194444,800,38.9
1562,936JJG,parvidens,F,GUERRERO,Puente de Lugardo,-100.2522222,17.34194444,800,38.19
1564,016JLCC,parvidens,M,QUINTANA ROO,"Tres Garantías, 1.5 km W",-89.02166667,18.20166667,120.5497513,36.3
1566,020JLCC,parvidens,F,QUINTANA ROO,"Tres Garantías, 9 km E",-88.91305556,18.19972222,98.13012695,36.3
1570,060JLCC,parvidens,F,QUINTANA ROO,"Sergio Butrón Casas, 3 km NW",-88.60138889,18.53694444,33.40642166,38.7
1571,072JLCC,parvidens,M,QUINTANA ROO,"La Unión, 2 km NE",-88.85777778,17.925,6.75747776,37.9
1572,074JLCC,parvidens,F,QUINTANA ROO,"La Unión, 2 km NE",-88.85777778,17.925,6.75747776,37.1
1574,051JLCC,parvidens,F,QUINTANA ROO,"Sergio Butrón Casas, 1.5 km NW",-88.58694444,18.52555556,29.97629547,36.7
1576,058JLCC,parvidens,F,QUINTANA ROO,"Sergio Butrón Casas, 3 km NW",-88.60138889,18.53694444,33.40642166,36.2
1579,053JLCC,parvidens,F,QUINTANA ROO,"Sergio Butrón Casas, 3 km NW",-88.60138889,18.53694444,33.40642166,39.3
1604,1415JJG,hondurensis,F,GUERRERO,Omiltemi. Cañada Potrerillos,-99.66722222,17.5625,2200,47.1
1605,1049JJG,hondurensis,M,GUERRERO,El Faisanal,-100.2086111,17.41416667,1140,42
1606,1156JJG,hondurensis,F,GUERRERO,Puerto del Gallo,-100.1844444,17.48444444,2450,41.8
1607,1024JJG,hondurensis,M,GUERRERO,Nueva Delhi,-100.2036111,17.42,1350,43.6
1608,1442JJG,hondurensis,F,GUERRERO,Omiltemi. Cañada La Perra,-99.69277778,17.56805556,1443,42
1609,636JJG,hondurensis,F,GUERRERO,Puerto del Gallo,-100.1844444,17.48444444,2450,44.8
1610,629JJG,hondurensis,F,GUERRERO,Puerto del Gallo,-100.1844444,17.48444444,2450,42.6
1611,637JJG,hondurensis,F,GUERRERO,Puerto del Gallo,-100.1844444,17.48444444,2450,43.5
1612,1174JJG,hondurensis,F,GUERRERO,El Iris,-100.225,17.48833333,1950,42.7
1613,1402JJG,hondurensis,M,GUERRERO,Omiltemi. Camino Las Joyas,-99.705,17.55861111,2000,44.3
1614,1023JJG,hondurensis,F,GUERRERO,Nueva Delhi,-100.2036111,17.42,1350,43.6
1615,1050JJG,hondurensis,F,GUERRERO,El Faisanal,-100.2086111,17.41416667,1140,43.3
1618,481JJG,hondurensis,M,GUERRERO,Nueva Delhi,-100.2036111,17.42,1350,42
1619,282JJG,hondurensis,F,GUERRERO,Puerto del Gallo,-100.1844444,17.48444444,2450,43.5
1620,349JJG,hondurensis,F,GUERRERO,Puerto del Gallo,-100.1844444,17.48444444,2450,43.4
1622,484JJG,hondurensis,F,GUERRERO,Nueva Delhi,-100.2036111,17.42,1350,44.3
1623,631JJG,hondurensis,F,GUERRERO,Puerto del Gallo,-100.1844444,17.48444444,2450,41.9
1624,285JJG,hondurensis,F,GUERRERO,Puerto del Gallo,-100.1844444,17.48444444,2450,43.7
1625,480JJG,hondurensis,F,GUERRERO,Nueva Delhi,-100.2036111,17.42,1350,41.4
1626,307JJG,hondurensis,M,GUERRERO,Puerto del Gallo,-100.1844444,17.48444444,2450,43.8
1627,333JJG,hondurensis,M,GUERRERO,Puerto del Gallo,-100.1844444,17.48444444,2450,44.6
1628,007JJG,hondurensis,F,GUERRERO,Puerto del Gallo,-100.1844444,17.48444444,2450,44
1632,284JJG,hondurensis,F,GUERRERO,Puerto del Gallo,-100.1844444,17.48444444,2450,42.7
1633,492JJG,hondurensis,F,GUERRERO,Los Retrocesos,-100.1969444,17.43694444,1580,42.5
1634,280JJG,hondurensis,F,GUERRERO,Puerto del Gallo,-100.1844444,17.48444444,2450,44.4
1635,331JJG,hondurensis,M,GUERRERO,Puerto del Gallo,-100.1844444,17.48444444,2450,44.6
1636,478JJG,hondurensis,M,GUERRERO,Nueva Delhi,-100.2036111,17.42,1350,45.2
1637,639JJG,hondurensis,F,GUERRERO,Puerto del Gallo,-100.1844444,17.48444444,2450,44
1638,929JJG,hondurensis,M,GUERRERO,Puente de Lugardo,-100.2522222,17.34194444,800,45
1639,491JJG,hondurensis,F,GUERRERO,Los Retrocesos,-100.1969444,17.43694444,1580,42.7
1640,632JJG,hondurensis,M,GUERRERO,Puerto del Gallo,-100.1844444,17.48444444,2450,45.5
1641,630JJG,hondurensis,F,GUERRERO,Puerto del Gallo,-100.1844444,17.48444444,2450,43.1
1642,664JJG,hondurensis,M,GUERRERO,"Puerto del Gallo, 3 km S. Bosque de Lauráceas",-100.1844444,17.45972222,1950,44.8
1643,149JJG,hondurensis,F,GUERRERO,Puerto del Gallo,-100.1844444,17.48444444,2450,42.7
1644,214JJG,hondurensis,F,GUERRERO,Puerto del Gallo,-100.1844444,17.48444444,2450,44.7
1645,346JJG,hondurensis,F,GUERRERO,Puerto del Gallo,-100.1844444,17.48444444,2450,43.3
1646,004FRR,hondurensis,M,GUERRERO,"Omiltemi, 0.5 km W",-99.70388889,17.56611111,2220,46.79
1647,005FRR,hondurensis,M,GUERRERO,"Omiltemi, 0.5 km W",-99.70388889,17.56611111,2220,44
1648,014FRR,hondurensis,F,GUERRERO,"Omiltemi, 3 km NW",-99.71361111,17.58527778,2220,43.5
1649,069FRR,hondurensis,F,GUERRERO,Omiltemi,-99.68555556,17.56611111,2220,43.3
1650,006FRR,hondurensis,F,GUERRERO,"Omiltemi, 0.5 km W",-99.70388889,17.56611111,2220,43.1
1651,049JJG,hondurensis,F,GUERRERO,Puerto del Gallo,-100.1844444,17.48444444,2450,43.9
1653,093FRR,hondurensis,F,GUERRERO,Omiltemi,-99.68555556,17.56611111,2220,42.8
1654,206FRR,hondurensis,F,GUERRERO,Omiltemi. Cañada La Perra,-99.69277778,17.56805556,1443,43.6
1655,10FRR,hondurensis,M,GUERRERO,"Omiltemi, 3 km NW",-99.71361111,17.58527778,2220,44.5
1656,11FRR,hondurensis,F,GUERRERO,"Omiltemi, 3 km NW",-99.71361111,17.58527778,2220,42.8
1657,068FRR,hondurensis,M,GUERRERO,"Omiltemi, 0.5 km W",-99.70388889,17.56611111,2220,44.2
1658,8FRR,hondurensis,F,GUERRERO,"Omiltemi, 3 km NW",-99.71361111,17.58527778,2220,44.3
1659,007FRR,hondurensis,F,GUERRERO,"Omiltemi, 0.5 km W",-99.70388889,17.56611111,2220,45
1660,066FRR,hondurensis,F,GUERRERO,"Omiltemi, 0.5 km W",-99.70388889,17.56611111,2220,43.6
1661,094FRR,hondurensis,F,GUERRERO,Omiltemi,-99.68555556,17.56611111,2220,44
1662,092FRR,hondurensis,M,GUERRERO,Omiltemi,-99.68555556,17.56611111,2220,43.7
1663,080FRR,hondurensis,F,GUERRERO,Omiltemi,-99.68555556,17.56611111,2220,43.5
1664,207FRR,hondurensis,F,GUERRERO,Omiltemi,-99.68555556,17.56611111,2220,44.4
1665,164FRR,hondurensis,F,GUERRERO,Omiltemi,-99.68555556,17.56611111,2220,44.4
1666,067FRR,hondurensis,F,GUERRERO,"Omiltemi, 0.5 km W",-99.70388889,17.56611111,2220,44.8
1667,009FRR,hondurensis,F,GUERRERO,"Omiltemi, 3 km NW",-99.71361111,17.58527778,2220,45.6
1669,12FRR,hondurensis,F,GUERRERO,Omiltemi,-99.68555556,17.56611111,2220,43.8
1670,330JJG,hondurensis,M,GUERRERO,Puerto del Gallo,-100.1844444,17.48444444,2450,43.7
1671,286JJG,hondurensis,M,GUERRERO,Puerto del Gallo,-100.1844444,17.48444444,2450,43
1672,849JJG,hondurensis,F,GUERRERO,Nueva Delhi,-100.2036111,17.42,1350,41.3
1673,482JJG,hondurensis,F,GUERRERO,Nueva Delhi,-100.2036111,17.42,1350,42.4
1674,662JJG,hondurensis,F,GUERRERO,Puerto del Gallo,-100.1844444,17.48444444,2450,42.6
1675,281JJG,hondurensis,F,GUERRERO,Puerto del Gallo,-100.1844444,17.48444444,2450,44.3
1676,005JJG,hondurensis,M,GUERRERO,Puerto del Gallo,-100.1844444,17.48444444,2450,44.8
1677,335JJG,hondurensis,M,GUERRERO,Puerto del Gallo,-100.1844444,17.48444444,2450,42
1678,287JJG,hondurensis,F,GUERRERO,Puerto del Gallo,-100.1844444,17.48444444,2450,43.5
1679,345JJG,hondurensis,F,GUERRERO,Puerto del Gallo,-100.1844444,17.48444444,2450,43.6
1680,483JJG,hondurensis,F,GUERRERO,Nueva Delhi,-100.2036111,17.42,1350,42.8
1681,283JJG,hondurensis,M,GUERRERO,Puerto del Gallo,-100.1844444,17.48444444,2450,43.8
1682,215JJG,hondurensis,F,GUERRERO,Puerto del Gallo,-100.1844444,17.48444444,2450,42.1
1683,008JJG,hondurensis,F,GUERRERO,Puerto del Gallo,-100.1844444,17.48444444,2450,45.2
1684,332JJG,hondurensis,M,GUERRERO,Puerto del Gallo,-100.1844444,17.48444444,2450,44.3
1758,037JJG,hondurensis,F,GUERRERO,Puerto del Gallo,-100.1844444,17.48444444,2450,45.3
1759,218JJG,hondurensis,F,GUERRERO,Puerto del Gallo,-100.1844444,17.48444444,2450,44.3
1760,053JJG,hondurensis,M,GUERRERO,Puerto del Gallo,-100.1844444,17.48444444,2450,43.3
1761,047JJG,hondurensis,F,GUERRERO,Puerto del Gallo,-100.1844444,17.48444444,2450,41
1762,051JJG,hondurensis,F,GUERRERO,Puerto del Gallo,-100.1844444,17.48444444,2450,41
1763,336JJG,hondurensis,F,GUERRERO,Puerto del Gallo,-100.1844444,17.48444444,2450,41.8
1764,306JJG,hondurensis,F,GUERRERO,Puerto del Gallo,-100.1844444,17.48444444,2450,45.4
1765,035JJG,hondurensis,F,GUERRERO,Puerto del Gallo,-100.1844444,17.48444444,2450,46.28
1766,052JJG,hondurensis,M,GUERRERO,Puerto del Gallo,-100.1844444,17.48444444,2450,44.1
1767,MABS012,hondurensis,M,OAXACA,"San Martín Toxpalan, 10 km SW",-97.04222222,18.06083333,650,44
1768,006YRB,hondurensis,M,OAXACA,"Santiago Dominguillo, 2 km E",-96.89416667,17.65638889,600,43.4
1769,095FRR,hondurensis,F,GUERRERO,"Omiltemi, 0.3 km N",-99.68555556,17.56833333,2220,43.4
3573,1447JJG,hondurensis,F,GUERRERO,Omiltemi. Cañada de Agua Fría,-99.68555556,17.53777778,2350,43.9
3574,1452JJG,hondurensis,M,GUERRERO,Omiltemi. Cañada La Perra,-99.69277778,17.56805556,1443,43.7
3575,071TJA,hondurensis,M,VERACRUZ,Teocelo,-96.97444444,19.38944444,1155.613281,44.2
3576,072TJA,hondurensis,F,VERACRUZ,Teocelo,-96.97444444,19.38944444,1155.613281,43.6
3577,6JHSS,hondurensis,F,OAXACA,"Santiago Dominguillo, 2 km E",-96.89416667,17.65638889,600,43.4
3581,32MTB,parvidens,M,VERACRUZ,"Villa Emiliano Zapata, km 14. Xotla",-96.65777778,19.34388889,443,38.8
3584,5MMP,parvidens,F,OAXACA,"San Juan Bautista Cuicatlán, 12 km E. Puente Río Grande",-96.98361111,17.81944444,600,41.4
3585,08MABS,parvidens,F,OAXACA,"San Juan Bautista Cuicatlán, 12 km E. Puente Río Grande",-96.98361111,17.81944444,600,38.6
3707,1494MQ,parvidens,F,QUERÉTARO DE ARTEAGA,"Jalpan, 8 km N",-99.5,21.27983333,775.0838623,39
3708,1493MQ,parvidens,F,QUERÉTARO DE ARTEAGA,"Jalpan, 8 km N",-99.5,21.27983333,775.0838623,42.7
3709,1492MQ,parvidens,M,QUERÉTARO DE ARTEAGA,"Jalpan, 8 km N",-99.5,21.27983333,775.0838623,40.8
3754,017DAH,hondurensis,F,PUEBLA,"Puerto de la Soledad, 5 km NW",-97.04277778,18.22472222,1911.293945,42
4098,059ERV,hondurensis,M,GUERRERO,"Parque Estatal ""El Huizteco""",-99.60666667,18.60694444,2350,44.2
4099,058ERV,hondurensis,F,GUERRERO,"Parque Estatal ""El Huizteco""",-99.60666667,18.60694444,2350,41.8
4100,131LLP,hondurensis,M,GUERRERO,Los Jarillos,-99.78694444,18.64861111,2380,46
4101,002MRV,hondurensis,F,GUERRERO,"Parque Estatal ""El Huizteco""",-99.60666667,18.60694444,2350,45.5
4102,006RMS,hondurensis,F,GUERRERO,"Ixcateopan de Cuauhtémoc, 10 km NW",-99.85083333,18.57277778,1619.082642,42.8
4104,127LLP,parvidens,F,GUERRERO,Ixcateopan,-99.79555556,18.50638889,1800,39.8
4130,011EGT,parvidens,F,CAMPECHE,"Hampolol, ejido. Estación biológica CEDESU",-90.4,19.93305556,10,38.5
4288,184LLP,hondurensis,M,CHIAPAS,"Reserva ""El Triunfo""",-92.82,15.67166667,2200,44.1
4289,175LLP,hondurensis,F,CHIAPAS,"Reserva ""El Triunfo""",-92.82,15.67166667,2200,43.4
4290,176LLP,hondurensis,M,CHIAPAS,"Reserva ""El Triunfo""",-92.82,15.67166667,2200,44.3
4291,177LLP,hondurensis,M,CHIAPAS,"Reserva ""El Triunfo""",-92.82,15.67166667,2200,44.5
4292,165LLP,hondurensis,F,CHIAPAS,"Reserva ""El Triunfo""",-92.82,15.67166667,2200,43.9
4293,162LLP,hondurensis,F,CHIAPAS,"Reserva ""El Triunfo""",-92.82,15.67166667,2200,45.4
4294,161LLP,hondurensis,F,CHIAPAS,"Reserva ""El Triunfo""",-92.82,15.67166667,2200,44.3
4295,163LLP,hondurensis,F,CHIAPAS,"Reserva ""El Triunfo""",-92.82,15.67166667,2200,45.2
4296,170LLP,hondurensis,F,CHIAPAS,"Reserva ""El Triunfo""",-92.82,15.67166667,2200,44.5
4298,0004ARG,parvidens,F,MICHOACÁN DE OCAMPO,"Agua de Tapia, 21 km SW de Tumbiscatio",-102.5202778,18.47222222,1670,39.9
4299,0015ARG,parvidens,M,MICHOACÁN DE OCAMPO,El Resumidero,-103,18.92777778,1830,37.9
4300,0014ARG,parvidens,M,MICHOACÁN DE OCAMPO,El Resumidero,-103,18.92777778,1830,39.5
4301,0013ARG,parvidens,F,MICHOACÁN DE OCAMPO,Playitas,-102.5666667,18.45888889,1307.185669,38.8
4338,038LLP,parvidens,F,NAYARIT,Venustiano Carranza,-104.985,21.52,1085.998657,37.3
4339,040LLP,hondurensis,F,NAYARIT,"Venustiano Carranza (El Gringo), 11 km SW. Tepic",-104.9880556,21.51888889,1100,40.6
4340,044LLP,parvidens,F,NAYARIT,Venustiano Carranza,-104.985,21.52,1085.998657,38.5
4342,028LLP,parvidens,F,NAYARIT,Palapita,-105.065,21.43694444,650,38.4
4353,"449DNL, 184PEP",parvidens,M,NAYARIT,Palapita,-105.065,21.43694444,650,39.5
4361,aPEP6,parvidens,NA,NAYARIT,La Bajada,-105.1627778,21.50916667,160,39.8
4362,aPEP3,parvidens,M,NAYARIT,Presa de Jumatán,-105.0377778,21.66138889,380,40.4
4384,5FJJG,parvidens,F,CHIAPAS,"Estación Juárez, 8.5 km E",-93.13916667,17.60777778,10,36.3
4645,139LLP,hondurensis,M,GUERRERO,"Ixcateopan de Cuauhtémoc, 8 km NW",-99.83722222,18.56333333,1707.037598,46
4699,0372LLP,parvidens,F,OAXACA,"Carretera Tuxtepec-Oaxaca, km 52, San Mateo Yetla",-96.31888889,17.75888889,150,39.8
4700,0255APH,parvidens,M,OAXACA,"Carretera Tuxtepec-Oaxaca, km 52, San Mateo Yetla",-96.31888889,17.75888889,150,37.44
4701,0366LLP,parvidens,F,OAXACA,"Carretera Tuxtepec-Oaxaca, km 52, San Mateo Yetla",-96.31888889,17.75888889,150,38.1
4702,0254APH,parvidens,F,OAXACA,"Carretera Tuxtepec-Oaxaca, km 52, San Mateo Yetla",-96.31888889,17.75888889,150,38
4703,0374LLP,parvidens,M,OAXACA,"Carretera Tuxtepec-Oaxaca, km 52, San Mateo Yetla",-96.31888889,17.75888889,150,37.1
4704,0220LLP,parvidens,M,OAXACA,"Carretera Tuxtepec-Oaxaca, km 52, San Mateo Yetla",-96.31888889,17.75888889,150,40.5
4705,0367LLP,parvidens,M,OAXACA,"Carretera Tuxtepec-Oaxaca, km 52, San Mateo Yetla",-96.31888889,17.75888889,150,36.2
4706,0365LLP,parvidens,F,OAXACA,"Carretera Tuxtepec-Oaxaca, km 52, San Mateo Yetla",-96.31888889,17.75888889,150,39.9
4707,0295LLP,parvidens,F,OAXACA,"Carretera Tuxtepec-Oaxaca, km 52, San Mateo Yetla",-96.31888889,17.75888889,150,36.8
4708,030APH,parvidens,M,OAXACA,"Carretera Tuxtepec-Oaxaca, km 63, Puerto Eligio",-96.33583333,17.65194444,650,38.4
4709,0203APH,parvidens,F,OAXACA,"Carretera Tuxtepec-Oaxaca, km 63, Puerto Eligio",-96.33583333,17.65194444,650,38.8
4710,0212APH,parvidens,F,OAXACA,"Carretera Tuxtepec-Oaxaca, km 63, Puerto Eligio",-96.33583333,17.65194444,650,39.07
4711,0209APH,parvidens,F,OAXACA,"Carretera Tuxtepec-Oaxaca, km 63, Puerto Eligio",-96.33583333,17.65194444,650,38.5
4712,0205APH,parvidens,F,OAXACA,"Carretera Tuxtepec-Oaxaca, km 63, Puerto Eligio",-96.33583333,17.65194444,650,38.2
4713,0024APH,parvidens,F,OAXACA,"Carretera Tuxtepec-Oaxaca, km 63, Puerto Eligio",-96.33583333,17.65194444,650,39.4
4714,0469LLP,parvidens,M,OAXACA,"Carretera Tuxtepec-Oaxaca, km 12, Arroyo Choapan",-96.16138889,17.97138889,100,38.7
4715,0447LLP,parvidens,F,OAXACA,San Isidro. El Naranjal,-96.13083333,17.89722222,100,37.4
4716,0470LLP,parvidens,M,OAXACA,"Carretera Tuxtepec-Oaxaca, km 12, Arroyo Choapan",-96.16138889,17.97138889,100,36.3
4717,0075ERJ,parvidens,M,OAXACA,Camino a San Martín Soyolapan,-96.28472222,17.70361111,300,38.9
4718,0360LLP,parvidens,F,OAXACA,"Carretera Tuxtepec-Oaxaca, km 52, San Mateo Yetla",-96.31888889,17.75888889,150,37.7
4719,302LLP,hondurensis,F,OAXACA,"Carretera Tuxtepec-Oaxaca, km 79.5. La Esperanza",-96.37555556,17.63916667,1750,43.2
4720,256LLP,hondurensis,M,OAXACA,"Carretera Tuxtepec-Oaxaca, km 79.5. La Esperanza",-96.37555556,17.63916667,1750,44.5
4721,244APH,hondurensis,M,OAXACA,"Carretera Tuxtepec-Oaxaca, km 65. Metates",-96.35722222,17.65083333,850,43.2
4722,357LLP,hondurensis,F,OAXACA,"Carretera Tuxtepec-Oaxaca, km 91. Camino a San Isidro",-96.5,17.44361111,2000,44
4723,183APH,hondurensis,M,OAXACA,"Carretera Tuxtepec-Oaxaca, km 79.5. La Esperanza",-96.37555556,17.63916667,1750,42.9
4724,180APH,hondurensis,F,OAXACA,"Carretera Tuxtepec-Oaxaca, km 79.5. La Esperanza",-96.37555556,17.63916667,1750,44.7
4725,181APH,hondurensis,M,OAXACA,"Carretera Tuxtepec-Oaxaca, km 79.5. La Esperanza",-96.37555556,17.63916667,1750,45.3
4727,260LLP,hondurensis,M,OAXACA,"Carretera Tuxtepec-Oaxaca, km 91. Camino a San Isidro",-96.5,17.44361111,2000,45.28
4728,076APH,hondurensis,M,OAXACA,"Carretera Tuxtepec-Oaxaca, km 91. Camino a San Isidro",-96.5,17.44361111,2000,44.8
4729,053APH,hondurensis,M,OAXACA,"Carretera Tuxtepec-Oaxaca, km 79.5. La Esperanza",-96.37555556,17.63916667,1750,43
4731,075APH,hondurensis,F,OAXACA,"Carretera Tuxtepec-Oaxaca, km 91. Camino a San Isidro",-96.5,17.44361111,2000,43.3
4732,120APH,hondurensis,M,OAXACA,"Carretera Tuxtepec-Oaxaca, km 91. Camino a San Isidro",-96.5,17.44361111,2000,43.2
4733,191APH,hondurensis,M,OAXACA,"Carretera Tuxtepec-Oaxaca, km 72. La Quebradora (Puerto Antonio)",-96.39222222,17.59555556,1000,41.8
4734,190APH,hondurensis,M,OAXACA,"Carretera Tuxtepec-Oaxaca, km 72. La Quebradora (Puerto Antonio)",-96.39222222,17.59555556,1000,43.5
4735,103ERV,hondurensis,M,OAXACA,"Carretera Tuxtepec-Oaxaca, km 91. Camino a San Isidro",-96.5,17.44361111,2000,44.8
4736,071APH,hondurensis,F,OAXACA,"Carretera Tuxtepec-Oaxaca, km 91. Camino a San Isidro",-96.5,17.44361111,2000,42.3
4737,070APH,hondurensis,F,OAXACA,"Carretera Tuxtepec-Oaxaca, km 91. Camino a San Isidro",-96.5,17.44361111,2000,44.65
4738,126APH,hondurensis,M,OAXACA,"Carretera Tuxtepec-Oaxaca, km 79.5. La Esperanza",-96.37555556,17.63916667,1750,43.9
4739,132ERV,hondurensis,F,OAXACA,"Carretera Tuxtepec-Oaxaca, km 79.5. La Esperanza",-96.37555556,17.63916667,1750,45
4740,262LLP,hondurensis,F,OAXACA,"Carretera Tuxtepec-Oaxaca, km 91. Camino a San Isidro",-96.5,17.44361111,2000,42.7
4741,074APH,hondurensis,M,OAXACA,"Carretera Tuxtepec-Oaxaca, km 91. Camino a San Isidro",-96.5,17.44361111,2000,45.5
4760,194APH,hondurensis,M,OAXACA,"Carretera Tuxtepec-Oaxaca, km 72. La Quebradora (Puerto Antonio)",-96.39222222,17.59555556,1000,43
4761,0193APH,hondurensis,M,OAXACA,"Carretera Tuxtepec-Oaxaca, km 72. La Quebradora (Puerto Antonio)",-96.39222222,17.59555556,1000,44.8
4762,192APH,hondurensis,F,OAXACA,"Carretera Tuxtepec-Oaxaca, km 72. La Quebradora (Puerto Antonio)",-96.39222222,17.59555556,1000,43.7
4763,237LLP,hondurensis,F,OAXACA,"Carretera Tuxtepec-Oaxaca, km 79.5. La Esperanza",-96.37555556,17.63916667,1750,42.7
4764,184APH,hondurensis,F,OAXACA,"Carretera Tuxtepec-Oaxaca, km 79.5. La Esperanza",-96.37555556,17.63916667,1750,44.2
4765,301LLP,hondurensis,M,OAXACA,"Carretera Tuxtepec-Oaxaca, km 79.5. La Esperanza",-96.37555556,17.63916667,1750,44.4
4766,187APH,hondurensis,M,OAXACA,"Carretera Tuxtepec-Oaxaca, km 79.5. La Esperanza",-96.37555556,17.63916667,1750,44
4767,299LLP,hondurensis,F,OAXACA,"Carretera Tuxtepec-Oaxaca, km 79.5. La Esperanza",-96.37555556,17.63916667,1750,44.3
4768,186APH,hondurensis,F,OAXACA,"Carretera Tuxtepec-Oaxaca, km 79.5. La Esperanza",-96.37555556,17.63916667,1750,44.8
4769,0255LLP,hondurensis,M,OAXACA,"Carretera Tuxtepec-Oaxaca, km 79.5. La Esperanza",-96.37555556,17.63916667,1750,45
4770,300LLP,hondurensis,F,OAXACA,"Carretera Tuxtepec-Oaxaca, km 79.5. La Esperanza",-96.37555556,17.63916667,1750,43.7
4771,057APH,hondurensis,F,OAXACA,"Carretera Tuxtepec-Oaxaca, km 79.5. La Esperanza",-96.37555556,17.63916667,1750,45.5
4772,185APH,hondurensis,F,OAXACA,"Carretera Tuxtepec-Oaxaca, km 79.5. La Esperanza",-96.37555556,17.63916667,1750,44.6
4773,179APH,hondurensis,F,OAXACA,"Carretera Tuxtepec-Oaxaca, km 79.5. La Esperanza",-96.37555556,17.63916667,1750,44
4774,040APH,hondurensis,F,OAXACA,"Carretera Tuxtepec-Oaxaca, km 79.5. La Esperanza",-96.37555556,17.63916667,1750,42.8
4775,092APH,hondurensis,F,OAXACA,"Carretera Tuxtepec-Oaxaca, km 91. Camino a San Isidro",-96.5,17.44361111,2000,44.4
4776,261LLP,hondurensis,F,OAXACA,"Carretera Tuxtepec-Oaxaca, km 91. Camino a San Isidro",-96.5,17.44361111,2000,42.8
4777,220APH,hondurensis,F,OAXACA,"Carretera Tuxtepec-Oaxaca, km 87. El Suspiro",-96.47722222,17.605,1750,43.7
4778,073APH,hondurensis,M,OAXACA,"Carretera Tuxtepec-Oaxaca, km 91. Camino a San Isidro",-96.5,17.44361111,2000,45
4779,104ERV,hondurensis,M,OAXACA,"Carretera Tuxtepec-Oaxaca, km 91. Camino a San Isidro",-96.5,17.44361111,2000,44.3
4780,080APH,hondurensis,M,OAXACA,"Carretera Tuxtepec-Oaxaca, km 91. Camino a San Isidro",-96.5,17.44361111,2000,45.4
4781,078APH,hondurensis,M,OAXACA,"Carretera Tuxtepec-Oaxaca, km 91. Camino a San Isidro",-96.5,17.44361111,2000,42.6
4859,239APH,hondurensis,F,OAXACA,"Carretera Tuxtepec-Oaxaca, km 65. Metates",-96.35722222,17.65083333,850,45.2
5419,0297LLP,parvidens,M,OAXACA,"Carretera Tuxtepec-Oaxaca, km 52, San Mateo Yetla",-96.31888889,17.75888889,150,37
5436,136GPQ,hondurensis,F,VERACRUZ,Teocelo,-96.97444444,19.38944444,1155.613281,42.2
5525,012GPQ,hondurensis,F,MÉXICO,"Carretera Ocuilan de Arteaga-Cuernavaca, km 14",-99.33916667,18.96972222,2229.916016,44.3
5528,575LLP,hondurensis,F,MÉXICO,"Carretera Ocuilan de Arteaga-Cuernavaca, km 14",-99.33916667,18.96972222,2229.916016,43
5530,560LLP,hondurensis,M,MÉXICO,"Carretera Ocuilan de Arteaga-Cuernavaca, km 14",-99.33916667,18.96972222,2229.916016,46
5532,018VUR,hondurensis,M,MÉXICO,"Carretera Ocuilan de Arteaga-Cuernavaca, km 14",-99.33916667,18.96972222,2229.916016,45.1
5534,016GPQ,hondurensis,M,MÉXICO,"Carretera Ocuilan de Arteaga-Cuernavaca, km 14",-99.33916667,18.96972222,2229.916016,45.5
5535,145GPQ,hondurensis,M,MÉXICO,"Carretera Ocuilan de Arteaga-Cuernavaca, km 12.5",-99.34027778,18.97527778,2377.69751,45.8
5539,142GPQ,hondurensis,F,MÉXICO,"Carretera Ocuilan de Arteaga-Cuernavaca, km 14",-99.33916667,18.96972222,2229.916016,44.3
5540,083GPQ,hondurensis,F,MÉXICO,"Carretera Ocuilan de Arteaga-Cuernavaca, km 14",-99.33916667,18.96972222,2229.916016,44.7
5541,180GPQ,hondurensis,M,MÉXICO,"Carretera Ocuilan de Arteaga-Cuernavaca, km 14",-99.33916667,18.96972222,2229.916016,45.8
5542,143GPQ,hondurensis,F,MÉXICO,"Carretera Ocuilan de Arteaga-Cuernavaca, km 14",-99.33916667,18.96972222,2229.916016,42
5543,146GPQ,hondurensis,F,MÉXICO,"Carretera Ocuilan de Arteaga-Cuernavaca, km 14",-99.33916667,18.96972222,2229.916016,45.8
5549,561LLP,hondurensis,F,MÉXICO,"Carretera Ocuilan de Arteaga-Cuernavaca, km 14",-99.33916667,18.96972222,2229.916016,45
5554,140GPQ,hondurensis,F,MÉXICO,"Carretera Ocuilan de Arteaga-Cuernavaca, km 14",-99.33916667,18.96972222,2229.916016,45.3
5562,215GPQ,hondurensis,F,MÉXICO,"Carretera Ocuilan de Arteaga-Cuernavaca, km 14",-99.33916667,18.96972222,2229.916016,44.4
5622,206GPQ,hondurensis,F,MÉXICO,"Carretera Ocuilan de Arteaga-Cuernavaca, km 14",-99.33916667,18.96972222,2229.916016,45.7
5624,214GPQ,hondurensis,F,MÉXICO,"Carretera Ocuilan de Arteaga-Cuernavaca, km 14",-99.33916667,18.96972222,2229.916016,44.6
5637,489JJG,hondurensis,F,GUERRERO,Los Retrocesos,-100.1969444,17.43694444,1580,43.3
5641,046FRR,hondurensis,M,GUERRERO,Omiltemi,-99.68555556,17.56611111,2220,44.3
5644,044FRR,hondurensis,M,GUERRERO,Omiltemi,-99.68555556,17.56611111,2220,45.2
5645,045FRR,hondurensis,M,GUERRERO,"Omiltemi, 0.4 km W",-99.68583333,17.56611111,2220,44.5
5656,0029APH,parvidens,F,OAXACA,"Carretera Tuxtepec-Oaxaca, km 63, Puerto Eligio",-96.33583333,17.65194444,650,38.8
5660,KABS130,parvidens,M,NAYARIT,"El Cuarenteño, 3 km NNE",-105.0058333,21.475,1330,39.8
5663,KABS131,parvidens,M,NAYARIT,"El Cuarenteño, 3 km NNE",-105.0058333,21.475,1330,39.8
5664,KABS137,parvidens,M,NAYARIT,"El Cuarenteño, 3 km NNE",-105.0058333,21.475,1330,40.3
5665,KABS135,parvidens,M,NAYARIT,"El Cuarenteño, 3 km NNE",-105.0058333,21.475,1330,40.7
5667,KABS132,parvidens,F,NAYARIT,"El Cuarenteño, 3 km NNE",-105.0058333,21.475,1330,40.3
5669,KABS136,parvidens,F,NAYARIT,"El Cuarenteño, 3 km NNE",-105.0058333,21.475,1330,40.4
5671,KABS133,parvidens,M,NAYARIT,"El Cuarenteño, 3 km NNE",-105.0058333,21.475,1330,38.4
5679,KABS097,parvidens,M,OAXACA,"Estación de tren ""El Venado""",-97.00166667,17.59027778,1470,42
5684,KABS142,parvidens,M,NAYARIT,El Cuarenteño. Sierra San Juan,-104.9480556,21.47694444,1000,37.4
5807,362HRP,parvidens,F,HIDALGO,Mezquititlán,-98.97333333,20.53166667,1312,41.19
5809,073HRP,parvidens,F,HIDALGO,Tolantongo,-98.98416667,20.65555556,1200,39.6
5810,205HRP,parvidens,F,HIDALGO,Tolantongo,-98.98416667,20.65555556,1200,39.9
5811,126HRP,hondurensis,M,HIDALGO,Tolantongo,-98.98416667,20.65555556,1200,43.7
5813,252HRP,parvidens,F,HIDALGO,San Pedro Huazalingo,-98.52166667,20.95166667,400,36.8
5814,265HRP,hondurensis,F,HIDALGO,Carretera Tehuatlán-Huazalingo 10 km NW,-98.51888889,21.03583333,435.8681641,42.5
5815,072HRP,hondurensis,F,HIDALGO,Tolantongo,-98.98416667,20.65555556,1200,42.6
5816,084HRP,parvidens,M,HIDALGO,Tolantongo,-98.98416667,20.65555556,1200,40.4
5817,260HRP,hondurensis,F,HIDALGO,Carretera Tehuatlán-Huazalingo 10 km NW,-98.51888889,21.03583333,435.8681641,42
5818,263HRP,hondurensis,F,HIDALGO,Carretera Tehuatlán-Huazalingo 10 km NW,-98.51888889,21.03583333,426.5319824,44.3
5820,085HRP,parvidens,F,HIDALGO,Tolantongo,-98.98416667,20.65555556,1200,39.3
5821,170HRP,hondurensis,F,HIDALGO,San Pedro Huazalingo,-98.52166667,20.95166667,400,43.1
5842,502LLP,hondurensis,F,HIDALGO,"Tlanchinol, 5 km E",-98.60472222,20.99194444,1550,44.3
5957,1649MQ,hondurensis,M,QUERÉTARO DE ARTEAGA,"Peñamiller, 2 km E",-99.80444444,21.06055556,1400,43.3
5958,1650MQ,hondurensis,M,QUERÉTARO DE ARTEAGA,"Peñamiller, 0.5 km SW",-99.83861111,21.05111111,1400,44.5
5959,1658MQ,hondurensis,F,QUERÉTARO DE ARTEAGA,"Peñamiller, 0.5 km SW",-99.83861111,21.05111111,1400,43.8
5960,1517MQ,parvidens,M,QUERÉTARO DE ARTEAGA,"Carretera Jalpan-Landa de Matamoros, km 8",-99.41972222,21.1825,840,39.6
6046,294HRP,parvidens,M,QUINTANA ROO,Caoba,-89.10166667,18.44666667,150,38.6
6098,KMcBee312,hondurensis,F,JALISCO,"Talpa de Allende, 20.116 km SW",-104.8775,20.23555556,1260,44
6193,122MQ,parvidens,F,QUERÉTARO DE ARTEAGA,"Ahuacatlán de Guadalupe, 1 km S",-99.54305556,21.20166667,1000,37.2
6339,151CAS,parvidens,F,OAXACA,Zoquiapam. Boca de Los Ríos,-96.84666667,17.54666667,630,42.94
6410,0289APH,parvidens,F,OAXACA,"Carretera Tuxtepec-Oaxaca, km 52, San Mateo Yetla",-96.31888889,17.75888889,150,37.6
6411,0299APH,parvidens,M,OAXACA,"Carretera Tuxtepec-Oaxaca, km 52, San Mateo Yetla",-96.31888889,17.75888889,150,37.8
6448,056GPQ,hondurensis,F,CHIAPAS,"Pueblo Nuevo, 6 km NE",-92.87027778,17.36444444,542.5078125,44.7
6449,No. 6a,parvidens,F,MÉXICO,"Zacualpan, 8 km N",-99.74027778,18.77388889,1675.153076,40.6
6450,217HRP,parvidens,F,QUINTANA ROO,"La Unión, 7 km N",-88.882025,17.95454722,60,38.3
6451,216HRP,parvidens,M,QUINTANA ROO,"La Unión, 7 km N",-88.882025,17.95454722,60,38.1
6452,211HRP,parvidens,M,QUINTANA ROO,"La Unión, 5 km N",-88.87789167,17.939025,70,37.7
6453,208HRP,parvidens,F,QUINTANA ROO,"La Unión, 7 km N",-88.882025,17.95454722,60,36.4
6454,218HRP,parvidens,F,QUINTANA ROO,"La Unión, 5 km N",-88.87789167,17.939025,70,36.8
6455,238HRP,parvidens,M,QUINTANA ROO,"San Felipe Bacalar, 8 km W",-88.47194444,18.68166667,47.50729752,38.1
6456,229HRP,parvidens,M,QUINTANA ROO,"La Unión, 5 km N",-88.88222222,17.94055556,45.81476974,37.2
6457,239HRP,parvidens,F,QUINTANA ROO,"San Felipe Bacalar, 8 km W",-88.47194444,18.68166667,47.50729752,36.3
6458,237HRP,parvidens,M,QUINTANA ROO,"La Unión, 5 km N",-88.88222222,17.94055556,45.81476974,38.8
6459,210HRP,parvidens,F,QUINTANA ROO,"La Unión, 5 km N",-88.88222222,17.94055556,45.81476974,35.6
6460,HEPU022,hondurensis,F,OAXACA,"Carretera Tuxtepec-Oaxaca, km 65. Metates",-96.35722222,17.65083333,850,42
6461,0438LLP,parvidens,M,OAXACA,San Isidro. El Naranjal,-96.13083333,17.89722222,100,38
6462,020BCTD,parvidens,F,HIDALGO,Puente de Camarones,-98.22333333,20.39111111,1131.126465,37.6
6464,022BCTD,parvidens,F,HIDALGO,Puente de Camarones,-98.22333333,20.39111111,1131.126465,39.4
6465,052ECA,parvidens,M,CHIAPAS,Poza Galán,-93.77138889,16.28166667,514.0605469,40.5
6466,077BCTD,parvidens,F,HIDALGO,Puente de Camarones,-98.22333333,20.39111111,1131.126465,39.8
6467,075BCTD,parvidens,M,HIDALGO,Puente de Camarones,-98.22333333,20.39111111,1131.126465,39
6468,146CAS,parvidens,M,OAXACA,Zoquiapam. Boca de Los Ríos,-96.84666667,17.54666667,630,42.4
6469,078BCTD,parvidens,M,HIDALGO,Puente de Camarones,-98.22333333,20.39111111,1131.126465,38.7
6471,149CAS,parvidens,M,OAXACA,Zoquiapam. Boca de Los Ríos,-96.84666667,17.54666667,630,41.88
6474,253,hondurensis,F,OAXACA,Clemencia,-96.795,18.255,1298.022461,44
6475,388CAS,hondurensis,F,OAXACA,San Martín Caballero,-97.78333333,17.52166667,1415,44
6487,239CAS,parvidens,M,OAXACA,"Estación de tren ""El Venado""",-97.00166667,17.59027778,1288.57019,43.4
6497,384CAS,hondurensis,M,OAXACA,San Martín Caballero,-97.78333333,17.52166667,1415,43.98
6498,957EEM,hondurensis,M,CHIAPAS,"Reserva ""El Triunfo""",-92.82,15.67166667,2200,43.5
6499,410CAS,hondurensis,M,OAXACA,San Martín Caballero,-97.78333333,17.52166667,1415,47.8
6500,25b,hondurensis,F,OAXACA,Clemencia,-96.795,18.255,1298.022461,43.4
6501,104CAS,hondurensis,M,OAXACA,San Juan Bautista. Atatlahuca,-96.82743056,17.53108611,1002,45.4
6502,430CAS,hondurensis,M,OAXACA,San Juan Bautista. Atatlahuca,-96.82743056,17.53108611,1002,45.8
6503,004GPQ,hondurensis,F,GUERRERO,Omiltemi,-99.68555556,17.56611111,2220,43.8
6504,058BCTD,hondurensis,M,HIDALGO,Cabaña 0.6 km rumbo a 5 de Mayo,-98.23805556,20.33444444,1545.179321,45
6505,125CAS,hondurensis,M,OAXACA,Zoquiapam. Boca de Los Ríos,-96.84666667,17.54666667,630,42.7
6506,380CAS,hondurensis,F,OAXACA,San Martín Caballero,-97.78333333,17.52166667,1415,44
6507,013BCTD,hondurensis,F,HIDALGO,El Potrero,-98.23222222,20.32111111,2106.070557,44.4
6508,050BCTD,hondurensis,F,HIDALGO,El Cirio,-98.24694444,20.33638889,1442.521362,41.6
6509,387CAS,hondurensis,M,OAXACA,San Martín Caballero,-97.78333333,17.52166667,1415,46
6510,381CAS,hondurensis,M,OAXACA,San Martín Caballero,-97.78333333,17.52166667,1415,45
6511,240,hondurensis,F,OAXACA,Puerto de la Soledad,-97.01166667,18.18277778,2195,44.4
6512,018BCTD,hondurensis,F,HIDALGO,Cabaña 0.5 km rumbo a la carretera,-98.23222222,20.33444444,1623.72229,42
6513,076BCTD,hondurensis,F,HIDALGO,Puente de Camarones,-98.22333333,20.39111111,1131.126465,42
6546,UMSP217,parvidens,F,OAXACA,San Isidro. La Gringa,-94.1225,17.10361111,150,39
6547,UMSP215,parvidens,F,OAXACA,San Isidro. La Gringa,-94.1225,17.10361111,150,38.62
6548,UMSP021,parvidens,F,OAXACA,San Isidro. La Gringa,-94.1225,17.10361111,150,40.2
6549,UMSP059,parvidens,M,OAXACA,San Isidro. La Gringa,-94.1225,17.10361111,150,38.73
6550,UMSP054,parvidens,F,OAXACA,San Isidro. La Gringa,-94.1225,17.10361111,150,39.7
6551,UMSP064,parvidens,M,OAXACA,San Isidro. La Gringa,-94.1225,17.10361111,150,39
6552,UMSP058,parvidens,M,OAXACA,San Isidro. La Gringa,-94.1225,17.10361111,150,38.8
6553,UMSP057,parvidens,M,OAXACA,San Isidro. La Gringa,-94.1225,17.10361111,150,40.44
6554,UMSP306,parvidens,F,OAXACA,Chalchijapa,-94.59916667,17.07694444,270,37
6555,UMSP127,parvidens,F,OAXACA,Chalchijapa,-94.59916667,17.07694444,270,41
6556,UMSP125,parvidens,F,OAXACA,Chalchijapa,-94.59916667,17.07694444,270,39.6
6557,UMSP124,parvidens,F,OAXACA,Chalchijapa,-94.59916667,17.07694444,270,39
6558,UMSP117,parvidens,F,OAXACA,Chalchijapa,-94.59916667,17.07694444,270,40.27
6559,UMSP052,parvidens,M,OAXACA,San Isidro. La Gringa,-94.1225,17.10361111,150,37.8
6560,UMSP20,parvidens,M,OAXACA,San Isidro. La Gringa,-94.1225,17.10361111,150,38
6561,UMSP172,hondurensis,F,OAXACA,Chalchijapa,-94.59916667,17.07694444,270,46
6562,UMSP161,hondurensis,F,OAXACA,Chalchijapa,-94.59916667,17.07694444,270,42
6563,UMSP231,hondurensis,F,OAXACA,Chalchijapa,-94.59916667,17.07694444,270,42
6646,243HRP,parvidens,M,QUINTANA ROO,San Felipe Bacalar,-88.42194444,18.77694444,24.42961311,37.8
6647,214HRP,parvidens,F,QUINTANA ROO,"La Unión, 7 km N",-88.88222222,17.95222222,80.01121521,36
6648,039HRP,parvidens,F,YUCATÁN,X-Pechil. Peto,-88.87666667,20.02666667,40.62911606,37.6
6650,233CAS,parvidens,F,OAXACA,"Estación de tren ""El Venado""",-97.00166667,17.59027778,1331.852417,40
6656,286APH,hondurensis,M,OAXACA,"Carretera Tuxtepec-Oaxaca, km 65. Metates",-96.35722222,17.65083333,850,44.6
6658,060GPQ,hondurensis,M,CHIAPAS,"Pueblo Nuevo, 6 km NE",-92.87027778,17.36444444,577.5542603,44.4
6659,252,hondurensis,F,OAXACA,Clemencia,-96.795,18.255,1314.496948,43
6661,278CAS,hondurensis,F,Oaxaca,Carr. Santa Ma. Papalo - Peña Verde,-96.75813333,17.84706667,2220,44.8
6662,257,hondurensis,M,OAXACA,Clemencia,-96.795,18.255,1314.496948,47
6664,293CAS,hondurensis,M,OAXACA,Carretera Santa María Papalo-Peña Verde,-96.75611111,17.84694444,2220,42
6754,205GPQ,hondurensis,F,MÉXICO,"Carretera Ocuilan de Arteaga-Cuernavaca, km 14",-99.33916667,18.96972222,2221.559082,43.2
6767,386CAS,hondurensis,F,OAXACA,San Martín Caballero,-97.78333333,17.52166667,1415,44
6859,616SAM,parvidens,M,CHIAPAS,Campamento Arqueológico del INAH de Yaxchilán,-90.96938889,16.90097222,120,38.3
6860,617SAM,parvidens,F,CHIAPAS,Campamento Arqueológico del INAH de Yaxchilán,-90.96938889,16.90097222,120,36.9
6865,620SAM,parvidens,F,CHIAPAS,Campamento Arqueológico del INAH de Yaxchilán,-90.96938889,16.90097222,120,37.4
6954,AEM057,parvidens,F,CHIAPAS,Campamento Arqueológico del INAH de Yaxchilán,-90.96938889,16.90097222,120,39.3
6955,AEM059,parvidens,F,CHIAPAS,Campamento Arqueológico del INAH de Yaxchilán,-90.96938889,16.90097222,120,40.2
6963,542SAM,parvidens,F,CHIAPAS,Zona Arqueológica Monumento Natural Yaxchilán,-90.96458333,16.89822222,130,38.4
6978,554SAM,parvidens,M,CHIAPAS,Zona Arqueológica Monumento Natural Yaxchilán,-90.96458333,16.89822222,130,36.5
7065,AEM135,parvidens,M,CHIAPAS,Zona Arqueológica Monumento Natural Yaxchilán,-90.96458333,16.89822222,130,40.4
7067,AEM137,parvidens,M,CHIAPAS,Zona Arqueológica Monumento Natural Yaxchilán,-90.96458333,16.89822222,130,36.32
7068,AEM138,parvidens,F,CHIAPAS,Campamento Arqueológico del INAH de Yaxchilán,-90.96938889,16.90097222,120,39.4
7123,AEM209,parvidens,M,CHIAPAS,Campamento Arqueológico del INAH de Yaxchilán,-90.96938889,16.90097222,120,39.31
7125,AEM211,parvidens,M,CHIAPAS,Campamento Arqueológico del INAH de Yaxchilán,-90.96938889,16.90097222,120,40
7207,055RAG,parvidens,F,QUERÉTARO DE ARTEAGA,Tangojó,-99.10944444,21.16388889,559.4320068,40
7208,RAG004,parvidens,M,QUERÉTARO DE ARTEAGA,San Miguel Palma,-99.96383306,21.09933306,1465.901733,39
7209,052RAG,parvidens,F,QUERÉTARO DE ARTEAGA,Tangojó,-99.10944444,21.16388889,515.8406372,42
7210,050RAG,parvidens,M,QUERÉTARO DE ARTEAGA,Tangojó,-99.10944444,21.16388889,515.8406372,42
7211,RAG048,parvidens,F,QUERÉTARO DE ARTEAGA,Tangojó,-99.10944444,21.16388889,515.8406372,37
7214,RAG005,parvidens,F,QUERÉTARO DE ARTEAGA,San Miguel Palma,-99.96383306,21.09933306,1465.901733,37.8
7215,RAG006,parvidens,M,QUERÉTARO DE ARTEAGA,San Miguel Palma,-99.96383306,21.09933306,1465.901733,42.6
7216,RAG033,parvidens,F,QUERÉTARO DE ARTEAGA,"Presa Zimapán, 4 km NW Tziquia",-99.60866667,20.60716639,1571.964111,39.5
7275,RAG002,hondurensis,F,QUERÉTARO DE ARTEAGA,San Miguel Palma,-99.96383306,21.09933306,1465.901733,40.3
7480,DOR004,parvidens,F,SAN LUIS POTOSÍ,San Nicolás de los Montes,-99.42777778,22.12583333,771.9624634,42
7496,013DOR,parvidens,M,SAN LUIS POTOSÍ,San Nicolás de los Montes,-99.42777778,22.12583333,771.9624634,43
7515,017DOR,parvidens,F,SAN LUIS POTOSÍ,San Nicolás de los Montes,-99.42777778,22.12583333,771.9624634,39.3
7520,AOW016,parvidens,M,SAN LUIS POTOSÍ,San Nicolás de los Montes,-99.42777778,22.12583333,771.9624634,38.3
7521,018DOR,parvidens,F,SAN LUIS POTOSÍ,San Nicolás de los Montes,-99.42777778,22.12583333,771.9624634,41
7531,024DOR,parvidens,M,SAN LUIS POTOSÍ,San Nicolás de los Montes,-99.42777778,22.12583333,771.9624634,40.5
7533,AOW017,parvidens,M,SAN LUIS POTOSÍ,San Nicolás de los Montes,-99.42777778,22.12583333,771.9624634,37.8
7548,163MCyT,hondurensis,F,SAN LUIS POTOSÍ,San Nicolás de los Montes,-99.42777778,22.12583333,771.9624634,40.43
7589,003HCOM,hondurensis,M,Hidalgo,"Cerro Jarros, 1km E. El Sotano",-98.888333,21.183889,1310,44.4
7591,OO5HCOM,hondurensis,M,Hidalgo,"Cerro Jarros, 1km E. El Sotano",-98.888333,21.183889,1310,42.7
7613,027HCOM,hondurensis,F,HIDALGO,"Cerro Jarros, 1 km E. El Sótano",-98.88833333,21.18388889,1310,42.5
8062,184SMY,hondurensis,M,OAXACA,Zona habitacional,-96.44972222,17.23277778,2000,43.5
8063,188SMY,hondurensis,M,OAXACA,Zona habitacional,-96.44972222,17.23277778,2000,47
8064,189SMY,hondurensis,M,OAXACA,Zona habitacional,-96.44972222,17.23277778,2000,45
8635,298CAS,hondurensis,M,Oaxaca,Comunidad Morelos,-97.71993333,17.0849,27.3,44.2
8669,349CAS,hondurensis,M,Oaxaca,"Carretera Rumbo a Rio Grande, La Luz",-97.599834,16.11258,84,44
8673,354CAS,hondurensis,F,Oaxaca,San Martin Caballero,-96.637033,17.959833,1500,46
8674,355CAS,hondurensis,M,Oaxaca,San Martin Caballero,-96.637033,17.959833,1500,46.5
8676,360CAS,hondurensis,M,Oaxaca,San Martin Caballero,-96.637033,17.959833,1500,43.7
8680,364CAS,hondurensis,F,Oaxaca,San Martin Caballero,-96.637033,17.959833,1500,43.3
8681,365CAS,hondurensis,F,Oaxaca,San Martin Caballero,-96.637033,17.959833,1500,45
8684,367CAS,hondurensis,M,Oaxaca,San Martin Caballero,-96.637033,17.959833,1500,44.6
8761,458UMSP,hondurensis,F,HIDALGO,"Cerro Jarros, 1 km E. El Sótano",-98.88833333,21.18388889,1310,43.47
8763,498UMSP,parvidens,F,SAN LUIS POTOSÍ,Tanlacut,-99.29833333,21.67611111,267.6529846,38.6
8764,459UMSP,hondurensis,F,HIDALGO,"Cerro Jarros, 1 km E. El Sótano",-98.88833333,21.18388889,1310,44
8765,467UMSP,hondurensis,F,HIDALGO,"Cerro Jarros, 1 km E. El Sótano",-98.88833333,21.18388889,1310,45
8766,499UMSP,parvidens,M,SAN LUIS POTOSÍ,Tanlacut,-99.29833333,21.67611111,267.6529846,43
8791,053MCyT,parvidens,F,CAMPECHE,"Hampolol, ejido. Estación biológica CEDESU",-90.4,19.93305556,10,37.3
8850,UMSP465,hondurensis,M,HIDALGO,"Cerro Jarros, 1 km E. El Sótano",-98.88833333,21.18388889,1310,45
9035,154BCTD,hondurensis,F,Hidalgo,"Tenango de Doria, El Cirio",-98.246944,20.306389,1422,42.7
9153,MAMT062,parvidens,F,PUEBLA,"Huehuetla, 3 km S",-97.61,20.08944444,633,37
9224,464UMSP,hondurensis,M,HIDALGO,"Cerro Jarros, 1 km E. El Sótano",-98.88833333,21.18388889,1310,46
9225,466UMSP,hondurensis,M,HIDALGO,"Cerro Jarros, 1 km E. El Sótano",-98.88833333,21.18388889,1310,45
9226,468UMSP,hondurensis,M,HIDALGO,"Cerro Jarros, 1 km E. El Sótano",-98.88833333,21.18388889,1310,47.5
9231,474UMSP,parvidens,F,SAN LUIS POTOSÍ,"Santa María Acapulco, 3 km SW. El Mezquital",-99.45138889,21.46166667,622.1091309,40.01
9234,478UMSP,parvidens,F,SAN LUIS POTOSÍ,"Santa María Acapulco, 3 km SW. El Mezquital",-99.45138889,21.46166667,622.1091309,38
9268,MAMT059,parvidens,M,PUEBLA,"Huehuetla, 3 km S",-97.61,20.08944444,633,39
9329,MAMT007,hondurensis,F,GUERRERO,"Carrizal del Bravo, 3.4 km SE",-99.83166667,17.58972222,2607,44.5
9422,MAMT064,parvidens,F,PUEBLA,"Huehuetla, 3 km S",-97.61,20.08944444,633,39
9472,MAMT001,hondurensis,F,GUERRERO,Carrizal del Bravo,-99.83805556,17.61944444,2435,42.42
9473,MAMT002,hondurensis,F,GUERRERO,Carrizal del Bravo,-99.83805556,17.61944444,2435,44
9474,MAMT019,hondurensis,F,GUERRERO,Carrizal del Bravo,-99.83805556,17.61944444,2435,43.5
9494,MAM9081,parvidens,M,MICHOACÁN DE OCAMPO,La Tinaja,-101.87,19.16388889,700,39.6
9495,MAM9083,parvidens,M,MICHOACÁN DE OCAMPO,La Tinaja,-101.87,19.16388889,700,38.59
9535,423CAS,hondurensis,F,OAXACA,San Martín Caballero,-97.78333333,17.52166667,1415,43
9557,AEM312,parvidens,F,SAN LUIS POTOSÍ,San Nicolás de los Montes,-99.42777778,22.12583333,789.6362305,38.8
9558,AEM311,parvidens,F,SAN LUIS POTOSÍ,San Nicolás de los Montes,-99.42777778,22.12583333,789.6362305,41
9699,065CAS,parvidens,M,HIDALGO,"Rancho ""Las Chacas""",-98.525,21.21083333,129,41.7
9711,CUETM014,hondurensis,F,PUEBLA,San Andrés Tzicuilan,-97.50641111,20.01403056,904,43.16
9712,CUETM15,hondurensis,F,PUEBLA,San Andrés Tzicuilan,-97.50641111,20.01403056,904,45.5
9714,CUETM009,hondurensis,M,PUEBLA,San Andrés Tzicuilan,-97.50641111,20.01403056,904,41.73
9715,CUETM011,hondurensis,F,PUEBLA,San Andrés Tzicuilan,-97.50641111,20.01403056,904,41.19
9716,CUETM007,hondurensis,F,PUEBLA,San Andrés Tzicuilan,-97.50641111,20.01403056,904,43.7
9717,CUETM010,hondurensis,F,PUEBLA,San Andrés Tzicuilan,-97.50641111,20.01403056,904,42.42
9718,CUETM008,hondurensis,F,PUEBLA,San Andrés Tzicuilan,-97.50641111,20.01403056,904,42.2
9719,CUETM006,hondurensis,F,PUEBLA,San Andrés Tzicuilan,-97.50641111,20.01403056,904,43.69
9720,CUETM005,hondurensis,M,PUEBLA,San Andrés Tzicuilan,-97.50641111,20.01403056,904,45.44
9728,CUETM013,hondurensis,M,PUEBLA,San Andrés Tzicuilan,-97.50641111,20.01403056,904,44.89
9741,TACM074,hondurensis,F,CHIAPAS,"Chiquihuites, 1.3 km NNW",-92.10330556,15.10611111,2444.905762,44.45
9742,TACM073,hondurensis,M,CHIAPAS,"Chiquihuites, 1.3 km NNW",-92.10330556,15.10611111,2444.905762,46
9743,006TACM,hondurensis,F,CHIAPAS,"Chiquihuites, 1.3 km NNW",-92.10330556,15.10611111,2444.905762,43.2
9744,TACM072,hondurensis,M,CHIAPAS,"Chiquihuites, 1.3 km NNW",-92.10330556,15.10611111,2444.905762,45.1
9779,005PIJM,parvidens,F,CHIAPAS,"Rancho ""Tres Hermanos""",-93.01694444,15.57191667,84,39.1
9796,187HBR,hondurensis,F,MÉXICO,"Zacualpan, 5.3 Km W",-99.79953611,18.69193611,2316,44
9892,1109SAM,parvidens,F,CHIAPAS,"Rancho Nueva Ensenada, Colonia Miguel Alemán Valdez",-93.01686111,15.56083333,71,36.4
9901,1111SAM,parvidens,F,CHIAPAS,"Rancho Nueva Ensenada, Colonia Miguel Alemán Valdez",-93.01686111,15.56083333,71,39
9996,CBM007,hondurensis,F,GUERRERO,Carrizal del Bravo,-99.83805556,17.61944444,2435,43.1
9999,CBM013,hondurensis,F,GUERRERO,Carrizal del Bravo,-99.83805556,17.61944444,2435,44
10000,CBM012,hondurensis,F,GUERRERO,Carrizal del Bravo,-99.83805556,17.61944444,2435,43.3
10001,CBM009,hondurensis,F,GUERRERO,Carrizal del Bravo,-99.83805556,17.61944444,2435,43.4
10002,CBM002,hondurensis,M,GUERRERO,Carrizal del Bravo,-99.83805556,17.61944444,2435,43.4
10014,007TACM,hondurensis,F,CHIAPAS,Volcán Tacaná. Chiquihuites,-92.09561111,15.09413889,1829,44.3
10015,TACM082,hondurensis,M,CHIAPAS,"Chiquihuites, 1.3 km NNW",-92.10330556,15.10611111,2444.905762,47.1
10016,003TACM,hondurensis,F,CHIAPAS,Volcán Tacaná. Chiquihuites,-92.09561111,15.09413889,1829,44
10019,TACM081,hondurensis,F,CHIAPAS,"Chiquihuites, 1.3 km NNW",-92.10330556,15.10611111,2444.905762,42.3
10020,TACM083,hondurensis,F,CHIAPAS,"Chiquihuites, 1.3 km NNW",-92.10330556,15.10611111,2444.905762,45.8
10021,TACM084,hondurensis,M,CHIAPAS,"Chiquihuites, 1.3 km NNW",-92.10330556,15.10611111,2444.905762,46.1
10023,TACM086,hondurensis,F,CHIAPAS,"Chiquihuites, 1.3 km NNW",-92.10330556,15.10611111,2444.905762,46.5
10034,1145SAM,hondurensis,M,HIDALGO,"Rancho ""El Gosco""",-98.23833333,20.32926667,1659,45.2
10039,TAM006,parvidens,F,VERACRUZ,Cráter Dos Bocas,-97.81166667,21.34083333,215,39.7
10088,TDM009,hondurensis,F,HIDALGO,El Potrero,-98.23222222,20.32111111,2183.681641,45.2
10164,MBB008,parvidens,M,MICHOACÁN DE OCAMPO,Plan de Armas,-102.5033333,18.22638889,814,41.2
10167,MBB010,parvidens,F,MICHOACÁN DE OCAMPO,Plan de Armas,-102.5033333,18.22638889,814,38.31
10168,MBB012,parvidens,M,MICHOACÁN DE OCAMPO,Charco del Toro,-102.5413889,18.19194444,873,39.9
10185,MBB026,parvidens,F,MICHOACÁN DE OCAMPO,Charco del Toro,-102.5413889,18.19194444,873,38.54
10257,TACM078,hondurensis,M,CHIAPAS,"Chiquihuites, 1.3 km NNW",-92.10330556,15.10611111,2444.905762,47.5
10258,TACM076,hondurensis,M,CHIAPAS,"Chiquihuites, 1.3 km NNW",-92.10330556,15.10611111,2444.905762,45.2
10259,TACM080,hondurensis,M,CHIAPAS,"Chiquihuites, 1.3 km NNW",-92.10330556,15.10611111,2444.905762,46
10260,TACM075,hondurensis,M,CHIAPAS,"Chiquihuites, 1.3 km NNW",-92.10330556,15.10611111,2444.905762,44.4
10261,TACM079,hondurensis,M,CHIAPAS,"Chiquihuites, 1.3 km NNW",-92.10330556,15.10611111,2444.905762,45.3
10333,MA004,parvidens,NA,QUINTANA ROO,San Felipe Bacalar,-88.42194444,18.77694444,24.42961311,37.3
10366,893N.Woodman,hondurensis,F,OAXACA,San Martín Caballero,-97.78333333,17.52166667,1415,42.8
10368,896N.Woodman,hondurensis,F,OAXACA,San Martín Caballero,-97.78333333,17.52166667,1415,42.1
10369,895N.Woodman,parvidens,F,OAXACA,San Martín Caballero,-97.78333333,17.52166667,1415,43
10559,CAM056,parvidens,F,GUERRERO,El Naranjo,-100.1622222,18.19166667,1150,39.5
10822,BUAPD016,parvidens,M,PUEBLA,Huehuetlán el Grande (Santo Domingo Huehuetlán),-98.16222222,18.73694444,1356,39.7
10823,BUAPE009,parvidens,M,PUEBLA,Huehuetlán el Grande (Santo Domingo Huehuetlán),-98.16222222,18.73694444,1356,40.8
10824,BUAPE014,parvidens,M,PUEBLA,Huehuetlán el Grande (Santo Domingo Huehuetlán),-98.16222222,18.73694444,1356,40.4
10825,BUAPE016,parvidens,M,PUEBLA,Huehuetlán el Grande (Santo Domingo Huehuetlán),-98.16222222,18.73694444,1356,41.4
10845,CAM044,parvidens,F,GUERRERO,Campo Morado,-100.1622222,18.19166667,1150,38.7
10935,MSE032,parvidens,M,CHIAPAS,"Ocosingo, 8 km E",-92.00861111,16.90694444,920,41
10938,MOM123,hondurensis,F,GUERRERO,El Molote,-100.1666667,17.41666667,1725,42
11033,MYAC063,parvidens,M,OAXACA,La Yerbabuena,-97.355,16.20305556,1500,38
11035,MYAC066,hondurensis,M,OAXACA,La Yerbabuena,-97.355,16.20305556,1500,44.17
11257,MRM086,hondurensis,F,VERACRUZ,San Felipe Cerro Quebrado I,-96.91725,20.00930556,401,42
11258,MRM121,hondurensis,F,VERACRUZ,Pueblo Viejo,-96.87972222,19.81438889,724,44
11259,MRM122,hondurensis,M,VERACRUZ,Pueblo Viejo,-96.87972222,19.81438889,724,45
11261,MRM124,hondurensis,M,VERACRUZ,Pueblo Viejo,-96.87972222,19.81438889,724,43.69
11262,MRM125,hondurensis,F,VERACRUZ,Manuel Gutiérrez Nájera,-96.86063889,19.792,878,44
11263,MRM133,hondurensis,F,VERACRUZ,Manuel Gutiérrez Nájera,-96.86063889,19.792,878,44.2
11264,MRM134,hondurensis,F,VERACRUZ,Manuel Gutiérrez Nájera,-96.86063889,19.792,878,45
11265,MRM,hondurensis,F,VERACRUZ,Manuel Gutiérrez Nájera,-96.86063889,19.792,878,44
11266,MRM142,hondurensis,M,VERACRUZ,Villa Nueva,-96.86291667,19.77025,942,45.49
11267,MRM143,hondurensis,M,VERACRUZ,Villa Nueva,-96.86291667,19.77025,942,46
11268,MRM166,hondurensis,F,VERACRUZ,"Salvador Diaz Mirón, Cerro Redondo",-96.88,19.79694444,854,45
11269,MRM183,hondurensis,M,VERACRUZ,Villa Nueva,-96.86291667,19.77025,942,45
11270,MRM184,hondurensis,M,VERACRUZ,"Salvador Diaz Mirón, Cerro Redondo",-96.88,19.79694444,854,45
11271,MRM185,hondurensis,M,VERACRUZ,"Salvador Diaz Mirón, Cerro Redondo",-96.88,19.79694444,854,41
11272,MRM187,hondurensis,F,VERACRUZ,"Salvador Diaz Mirón, Cerro Redondo",-96.88,19.79694444,854,45
11273,MRM190,hondurensis,M,VERACRUZ,Los Ídolos,-96.86038889,19.89722222,363,45.4
11274,MRM211,hondurensis,F,VERACRUZ,San Felipe Cerro Quebrado I,-96.91725,20.00930556,401,42
11275,MRM217,parvidens,M,VERACRUZ,Pueblo Viejo,-96.86922222,19.8175,770,40
11276,MRM238,hondurensis,F,VERACRUZ,Villa Nueva,-96.86291667,19.77025,942,44
11346,MYAC073,hondurensis,M,OAXACA,La Yerbabuena,-97.355,16.20305556,1500,45.64
11393,COSTA002,parvidens,M,MICHOACÁN DE OCAMPO,El Habillo,-102.3091667,18.15472222,130,40.58
11467,MYAC074,parvidens,F,OAXACA,La Yerbabuena,-97.355,16.20305556,1500,38
11468,MYAC076,hondurensis,M,OAXACA,La Yerbabuena,-97.355,16.20299972,1500,41.3
11489,COSTA007,parvidens,M,MICHOACÁN DE OCAMPO,El Habillo,-102.3091667,18.15472222,130,37
11508,CUPA063,hondurensis,M,MICHOACÁN DE OCAMPO,San Juan Bautista,-102.0618389,19.43325,1789,43.1
11997,AIMN285,parvidens,M,SAN LUIS POTOSÍ,La Chicharrilla,-99.52566667,21.79169444,960,38
11999,AIMN291,hondurensis,M,SAN LUIS POTOSÍ,La Chicharrilla,-99.52566667,21.79169444,960,43.5
12001,AIMN280,hondurensis,M,SAN LUIS POTOSÍ,La Chicharrilla,-99.52566667,21.79169444,960,44.1
12003,AIMN289,hondurensis,F,SAN LUIS POTOSÍ,La Chicharrilla,-99.52566667,21.79169444,960,43.4
12004,AIMN223,parvidens,M,SAN LUIS POTOSÍ,Las Guapas,-99.46138889,21.93621944,1063,39
12005,AIMN112,hondurensis,M,SAN LUIS POTOSÍ,Las Guapas,-99.46138889,21.93621944,1063,44.6
12006,AIMN215,parvidens,M,SAN LUIS POTOSÍ,Las Guapas,-99.46138889,21.93621944,1063,40.13
12007,AIMN220,hondurensis,M,SAN LUIS POTOSÍ,Las Guapas,-99.46138889,21.93621944,1063,46
12008,AIMN221,hondurensis,M,SAN LUIS POTOSÍ,Las Guapas,-99.46138889,21.93621944,1063,42.9
12009,AIMN012,hondurensis,F,SAN LUIS POTOSÍ,Las Guapas,-99.46138889,21.93621944,1063,42.4
12010,AIMN108,hondurensis,F,SAN LUIS POTOSÍ,La Chicharrilla,-99.52566667,21.79169444,960,45.1
12011,AIMN263,hondurensis,F,SAN LUIS POTOSÍ,La Chicharrilla,-99.52566667,21.79169444,960,44.6
12012,AIMN286,hondurensis,M,SAN LUIS POTOSÍ,La Chicharrilla,-99.52566667,21.79169444,960,43.8
12013,AIMN273,parvidens,M,SAN LUIS POTOSÍ,La Peñita,-99.54727778,21.85558333,1285,36
12014,AIMN217,hondurensis,F,SAN LUIS POTOSÍ,Las Guapas,-99.46138889,21.93621944,1063,44.7
12017,AIMN122,hondurensis,F,SAN LUIS POTOSÍ,Las Guapas,-99.46138889,21.93621944,1063,45.5
12019,AIMN121,hondurensis,M,SAN LUIS POTOSÍ,Las Guapas,-99.46138889,21.93621944,1063,44.69
12020,AIMN113,hondurensis,F,SAN LUIS POTOSÍ,Las Guapas,-99.46138889,21.93621944,1063,43
12021,AIMN216,parvidens,F,SAN LUIS POTOSÍ,Las Guapas,-99.46138889,21.93621944,1063,39
12022,AIMN103,parvidens,F,SAN LUIS POTOSÍ,La Chicharrilla,-99.52566667,21.79169444,960,41.18
12023,AIMN275,hondurensis,F,SAN LUIS POTOSÍ,La Chicharrilla,-99.52566667,21.79169444,960,44.5
12024,AIMN106,parvidens,F,SAN LUIS POTOSÍ,La Chicharrilla,-99.52566667,21.79169444,960,40.8
12028,AIMN290,hondurensis,M,SAN LUIS POTOSÍ,La Chicharrilla,-99.52566667,21.79169444,960,44.3
12029,AIMN279,parvidens,F,SAN LUIS POTOSÍ,La Chicharrilla,-99.52566667,21.79169444,960,35.6
12030,AIMN281,hondurensis,M,SAN LUIS POTOSÍ,La Chicharrilla,-99.52566667,21.79169444,960,43.56
12033,AIMN164,hondurensis,F,SAN LUIS POTOSÍ,La Peñita,-99.54727778,21.85558333,1285,44.7
12035,AIMN160,parvidens,F,SAN LUIS POTOSÍ,Los Chorros,-99.54727778,21.85558333,1285,38.59
12036,AIMN165,parvidens,M,SAN LUIS POTOSÍ,La Peñita,-99.54727778,21.85558333,1285,41.03
12037,AIMN166,parvidens,F,SAN LUIS POTOSÍ,La Chicharrilla,-99.52566667,21.79169444,960,40.12
12038,AIMN187,hondurensis,F,SAN LUIS POTOSÍ,La Peñita,-99.54727778,21.85558333,1285,43.7
12039,AIMN167,parvidens,F,SAN LUIS POTOSÍ,La Peñita,-99.54727778,21.85558333,1285,39
12040,AIMN162,hondurensis,M,SAN LUIS POTOSÍ,La Peñita,-99.54727778,21.85558333,1285,45.5
12041,AIMN161,parvidens,F,SAN LUIS POTOSÍ,Los Chorros,-99.54727778,21.85558333,1285,39.95
12043,AIMN287,hondurensis,M,SAN LUIS POTOSÍ,La Chicharrilla,-99.52566667,21.79169444,960,43.3
12044,AIMN255,parvidens,F,SAN LUIS POTOSÍ,La Chicharrilla,-99.52566667,21.79169444,960,36
12045,AIMN249,parvidens,M,SAN LUIS POTOSÍ,La Chicharrilla,-99.52566667,21.79169444,960,41
12047,AIMN252,parvidens,M,SAN LUIS POTOSÍ,La Chicharrilla,-99.52566667,21.79169444,960,41
12048,AIMN250,hondurensis,M,SAN LUIS POTOSÍ,La Chicharrilla,-99.52566667,21.79169444,960,44.2
12049,AIMN222,hondurensis,M,SAN LUIS POTOSÍ,Las Guapas,-99.46138889,21.93621944,1063,43.04
12051,AIMN031,parvidens,M,SAN LUIS POTOSÍ,Los Chorros,-99.54727778,21.85558333,1285,41.6
12053,AIMN261,hondurensis,M,SAN LUIS POTOSÍ,La Chicharrilla,-99.52566667,21.79169444,960,43.8
12054,AIMN032,parvidens,F,SAN LUIS POTOSÍ,La Chicharrilla,-99.52566667,21.79169444,960,38.9
12055,AIMN107,hondurensis,F,SAN LUIS POTOSÍ,La Chicharrilla,-99.52566667,21.79169444,960,44.7
12056,AIMN087,hondurensis,F,SAN LUIS POTOSÍ,La Chicharrilla,-99.52566667,21.79169444,960,42.78
12057,AIMN097,hondurensis,F,SAN LUIS POTOSÍ,La Chicharrilla,-99.52566667,21.79169444,960,44.56
12059,AIMN159,hondurensis,M,SAN LUIS POTOSÍ,La Chicharrilla,-99.52566667,21.79169444,960,42.89
12060,AIMN157,parvidens,F,SAN LUIS POTOSÍ,La Chicharrilla,-99.52566667,21.79169444,960,37.5
12061,AIMN143,hondurensis,F,SAN LUIS POTOSÍ,La Chicharrilla,-99.52566667,21.79169444,960,42.7
12062,AIMN142,hondurensis,M,SAN LUIS POTOSÍ,La Chicharrilla,-99.52566667,21.79169444,960,44
12065,AIMN003,hondurensis,F,SAN LUIS POTOSÍ,Las Guapas,-99.46138889,21.93621944,1063,44.1
12066,AIMN104,hondurensis,F,SAN LUIS POTOSÍ,La Chicharrilla,-99.52566667,21.79169444,960,44
12067,AIMN086,hondurensis,F,SAN LUIS POTOSÍ,La Chicharrilla,-99.52566667,21.79169444,960,45.25
12069,AIMN105,hondurensis,F,SAN LUIS POTOSÍ,La Chicharrilla,-99.52566667,21.79169444,960,43.85
12070,AIMN109,hondurensis,F,SAN LUIS POTOSÍ,La Chicharrilla,-99.52566667,21.79169444,960,44.53
12071,AIMN147,hondurensis,F,SAN LUIS POTOSÍ,La Chicharrilla,-99.52566667,21.79169444,960,44.4
12072,AIMN148,hondurensis,F,SAN LUIS POTOSÍ,La Chicharrilla,-99.52566667,21.79169444,960,43.1
12074,AIMN274,hondurensis,M,SAN LUIS POTOSÍ,La Chicharrilla,-99.52566667,21.79169444,960,44
12383,MAG004,parvidens,F,Michoacán de Ocampo,Los Pozos-Cuesta del Novillo,-102.510056,18.264,612,39
12384,MAG006,parvidens,F,Michoacán de Ocampo,Los Pozos-Cuesta del Novillo,-102.510056,18.264,612,37.79
12385,MAG007,parvidens,F,Michoacán de Ocampo,Los Pozos-Cuesta del Novillo,-102.510056,18.264,612,41
12386,MAG011,parvidens,F,Michoacán de Ocampo,Los Pozos-Cuesta del Novillo,-102.510056,18.264,612,40.28
12387,MAG012,parvidens,F,Michoacán de Ocampo,Los Pozos-Cuesta del Novillo,-102.510056,18.264,612,41
12388,MAG016,parvidens,F,Michoacán de Ocampo,Los Pozos-Cuesta del Novillo,-102.510056,18.264,612,39.35
12389,MAG005,parvidens,F,Michoacán de Ocampo,Los Pozos-Cuesta del Novillo,-102.510056,18.264,612,39.2
12390,MAG026,parvidens,F,Michoacán de Ocampo,Los Pozos-Cuesta del Novillo-Río Toscano,-102.510056,18.264,612,42
12391,MAG017,parvidens,M,Michoacán de Ocampo,Los Pozos-Cuesta del Novillo,-102.510056,18.264,612,40.5
12392,MAG008,parvidens,M,Michoacán de Ocampo,Los Pozos-Cuesta del Novillo,-102.510056,18.264,612,41
12393,GHC009,parvidens,F,Oaxaca,"Nizanda, Escolar",-94.995303,16.654892,612,40
12394,GHC010,parvidens,M,Oaxaca,"Nizanda, Escolar",-94.995303,16.654892,612,38.8
12396,MAG014,parvidens,M,Michoacán de Ocampo,Los Pozos-Cuesta del Novillo,-102.510056,18.264,612,37.44
12397,GHC028,parvidens,F,Oaxaca,"Nizanda, Escolar",-94.995303,16.654892,612,40.2
12398,GHC029,parvidens,F,Oaxaca,"Nizanda, Escolar",-94.995303,16.654892,612,39.4
12399,GHC060,parvidens,M,Chiapas,La Unión,-92.159444,15.004194,559,41.7
12458,GHC027,parvidens,M,Oaxaca,"Nizanda, Escolar",-94.995303,16.65489,112,40.1
12466,GHC044,parvidens,M,Chiapas,La Unión,-92.159444,15.004194,559,39.7
12468,GHC047,parvidens,M,Chiapas,La Unión,-92.159444,15.004194,559,39
12469,GHC042,parvidens,M,Chiapas,La Unión,-92.159444,15.004194,559,38.8
12536,CUIT019,hondurensis,F,Michoacán de Ocampo,Arrollo Blanco,-101.295557,19.911336,1864,40.4
12537,CUIT017,parvidens,F,Michoacán de Ocampo,Arrollo Blanco,-101.295557,19.911336,1864,40.9
12549,MBB128,parvidens,M,Michoacán de Ocampo,El hobillo,-102.30916,18.154722,130,39.49
12550,MBB129,parvidens,F,Michoacán de Ocampo,El hobillo,-102.30916,18.154722,130,38.1
12561,MBB125,parvidens,M,Michoacán de Ocampo,Chorros del Varal,-102.572858,19.51734,944,38.8
12576,GHC072,parvidens,F,Morelos,"Huexca, Aeropista",-98.880247,18.802128,1430,39.7
12583,GHC045,parvidens,F,Chiapas,La Unión,-92.159444,15.04194,754.9377441,36.3
13035,SNP001,hondurensis,F,Puebla,La Cañada,-97.816083,19.78933,1805,46.3
13118,SNP084,hondurensis,F,Puebla,"La Cañada, San Cristobal",-97.751222,19.896167,1848,42
13119,SNP085,hondurensis,F,Puebla,"La Cañada, San Cristobal",-97.751222,19.896167,1848,43.6
13120,SNP086,hondurensis,F,Puebla,"La Cañada, San Cristobal",-97.751222,19.896167,1848,41.53
13121,SNP087,hondurensis,F,Puebla,"La Cañada, San Cristobal",-97.751222,19.896167,1848,43.4
13122,SNP088,hondurensis,F,Puebla,"La Cañada, San Cristobal",-97.751222,19.896167,1848,41.3
13159,SNP125,hondurensis,M,Puebla,"La Cañada, San Cristobal",-97.751222,19.896167,1848,42.5
13207,SNP173,hondurensis,F,Puebla,"La Cañada, San Cristobal",-97.751222,19.896167,1848,41.7
13208,SNP174,hondurensis,F,Puebla,"La Cañada, San Cristobal",-97.751222,19.896167,1848,44.8
13210,SNP176,hondurensis,F,Puebla,Cascadas de Xaltatempa,-97.50016,19.5313,1569,41.88
13211,SNP177,hondurensis,M,Puebla,Cascadas de Xaltatempa,-97.50016,19.5313,1569,44.4
13212,SNP178,hondurensis,F,Puebla,Cascadas de Xaltatempa,-97.50016,19.5313,1569,42
13237,SNP203,hondurensis,F,Puebla,"Cerro miqueco, campamento provisional",-97.4134,19.53117,2090,43.9
13238,SNP204,hondurensis,M,Puebla,"Cerro miqueco, campamento provisional",-97.4134,19.53117,2090,43.18
13239,SNP205,hondurensis,F,Puebla,"Cerro miqueco, campamento provisional",-97.4134,19.53117,2090,45.8
13240,SNP206,hondurensis,F,Puebla,"Cerro miqueco, campamento provisional",-97.4134,19.53117,2090,43.8
13241,SNP207,hondurensis,M,Puebla,"Cerro miqueco, campamento provisional",-97.4134,19.53117,2090,44.2
13242,SNP208,hondurensis,M,Puebla,"Cerro miqueco, campamento provisional",-97.4134,19.53117,2090,46.6
13245,SNP211,hondurensis,F,Puebla,"Cerro miqueco, campamento provisional",-97.4134,19.53117,2090,44.8
13263,SNP229,hondurensis,F,Puebla,Xochititan,-97.7584467,19.887803,2061,40.6
13266,SNP232,hondurensis,F,Puebla,Xochititan,-97.7584467,19.887803,2061,44.41
13283,SNP249,hondurensis,F,Puebla,Xochititan,-97.7584467,19.887803,2061,43.2
13308,SNP274,parvidens,F,Puebla,Escahuasco,-97.696833,19.877917,1796,40.1
13309,SNP275,hondurensis,F,Puebla,Escahuasco,-97.696833,19.877917,1796,45.9
13320,SNP286,hondurensis,F,Puebla,"La Cañada, San Cristobal",-97.751222,19.896167,1848,44
13321,SNP287,hondurensis,F,Puebla,"La Cañada, San Cristobal",-97.751222,19.896167,1848,42.6
13322,SNP288,hondurensis,F,Puebla,"La Cañada, San Cristobal",-97.751222,19.896167,1848,41.7
13323,SNP289,hondurensis,F,Puebla,"La Cañada, San Cristobal",-97.751222,19.896167,1848,39.22
13324,SNP290,hondurensis,F,Puebla,"La Cañada, San Cristobal",-97.751222,19.896167,1848,39.89
13325,SNP291,hondurensis,F,Puebla,"La Cañada, San Cristobal",-97.751222,19.896167,1848,43.7
13342,SNP308,hondurensis,M,Puebla,La Cañada,-97.816083,19.78933,1805,44.5
13841,MCP079,parvidens,F,Nayarit,"Fortuna de Vallejo, 3 km NE",-105.1336,20.9608,150,41.4
13849,MYAC078,hondurensis,M,Oaxaca,La Yerbabuena,-97.355,16.203,1500,44
13860,CAM036,parvidens,F,Guerrero,Campo Morado,-100.162083,18.191722,1150,39.7
13906,102EAM,hondurensis,F,Puebla,Coatectzin,-97.46989,19.971665,845,43
14016,MSE025,parvidens,F,Chiapas,"Ocosingo, 8 km E",-92.09004,16.906722,885,40
14018,MSE029,parvidens,F,Chiapas,"Ocosingo, 8 km E",-92.09004,16.906722,885,40
14019,MSE023,parvidens,F,Chiapas,"Ocosingo, 8 km E",-92.09004,16.906722,885,39.4
14021,MSE030,parvidens,M,Chiapas,"Ocosingo, 8 km E",-92.09004,16.906722,885,38.65
14050,161BCTD,hondurensis,F,Hidalgo,Tenango de Doria. Cabaña 0.5 km rumbo a la carretera,-98.232222,20.334444,1633,43.5
14053,156BCTD,hondurensis,F,Hidalgo,"Tenango de Doria, El Cirio",-98.246944,20.306389,1422,43
14078,CUIT093,hondurensis,NA,Mich,"Zinapecuaro, San Jose del Rincon",-100.779383,19.864695,2030,44.5
14079,CUIT094,hondurensis,NA,Mich,"Zinapecuaro, San Jose del Rincon",-100.779383,19.864695,2030,45.4
14676,ZMO208,hondurensis,M,Oaxaca,Puerto de la Soledad,-97.011667,18.182778,2195,41
14678,ZMO207,hondurensis,M,Oaxaca,Puerto de la Soledad,-97.011667,18.182778,2195,44.4
14682,ZMO173,hondurensis,M,Oaxaca,"Cortadero, 1 Km NE de Chalchijapa",-94.656155,17.055371,216,46
14683,ZMO182,hondurensis,M,Oaxaca,"Cortadero, 1 Km NE de Chalchijapa",-94.656155,17.055371,216,45
14694,GHC178,parvidens,F,Colima,R.M.O. El Jabali,-103.711757,19.449359,1221,42
14695,GHC176,parvidens,F,Colima,R.M.O. El Jabali,-103.711757,19.449359,1221,41.55
14696,GHC167,parvidens,F,Colima,R.M.O. El Jabali,-103.711757,19.449359,1221,43
14697,GHC168,parvidens,F,Colima,R.M.O. El Jabali,-103.711757,19.449359,1221,40
14698,GHC166,parvidens,F,Colima,R.M.O. El Jabali,-103.711757,19.449359,1221,42
14699,GHC163,parvidens,M,Colima,R.M.O. El Jabali,-103.711757,19.449359,1221,40.32
14700,GHC165,parvidens,F,Colima,R.M.O. El Jabali,-103.3711757,19.449359,1221,42
14703,GHC159,parvidens,F,Colima,R.M.O. El Jabali,-103.711757,19.449359,1221,41.31
14704,GHC162,parvidens,F,Colima,R.M.O. El Jabali,-103.711757,19.449359,1221,42
14705,GHC158,parvidens,F,Colima,R.M.O. El Jabali,-103.711757,19.449359,1221,41
14715,GHC137,hondurensis,M,Colima,La Yerbabuena,-103.67955,19.47176,1542,46
14720,GHC142,parvidens,M,Colima,La Yerbabuena,-103.67955,19.47176,1542,43
14726,GHC193,parvidens,F,Morelos,El Limón  de Cuauchichinola,-99.37671,18.663973,950,41
14742,ZMO177,hondurensis,F,Oaxaca,23km de Rio Chalchijapa,-94.701197,16.923489,180,45
14746,GHC134,hondurensis,M,Colima,La Yerbabuena,-103.67955,19.47176,1542,42
14791,GHC395,hondurensis,M,NAYARIT,La Noria,-104.9940556,21.48477778,1580,43.08
14793,GHC394,hondurensis,M,NAYARIT,La Noria,-104.9940556,21.48477778,1580,43.58
14863,YAGJ014,hondurensis,F,Oaxaca,San Miguel Aloápam 4.5 Km al Ne,-96.68697,17.42115,1982,44.35
14864,YAGJ015,hondurensis,M,Oaxaca,San Miguel Aloápam 4.5 Km al Ne,-96.68697,17.42115,1982,44.01
14865,YAGJ016,hondurensis,M,Oaxaca,San Miguel Aloápam 4.5 Km al Ne,-96.68697,17.42115,1982,44.5
14866,YAGJ017,hondurensis,F,Oaxaca,San Miguel Aloápam 4.5 Km al Ne,-96.68697,17.42115,1982,45.7
14925,GHC241,parvidens,F,Guerrero,Los Coquillos,-98.928778,16.727917,157,40.59
14938,CMX030,parvidens,F,Morelos,Rio Colotepec,-99.25558333,18.79041667,1084,41.9
14939,317CAS,hondurensis,M,Oaxaca,"Carretera Rumbo a Rio Grande, La Luz",-97.599834,16.11258,84,44.8
14940,325CAS,hondurensis,F,Oaxaca,"Carretera Rumbo a Rio Grande, La Luz",-97.599834,16.11258,84,44.3
14941,323CAS,parvidens,F,Oaxaca,"Carretera Rumbo a Rio Grande, La Luz",-97.599834,16.11258,84,39
14944,AIMN149,hondurensis,F,SAN LUIS POTOSÍ,La Chicharrilla,-99.52566667,21.79169444,960,43.4
14954,GHC446,parvidens,F,Jalisco,Rancho los Naranjitos,-104.7803333,20.21416667,1097,39
14955,GHC451,parvidens,F,Jalisco,Rancho los Naranjitos,-104.7803333,20.21416667,1097,40.7
14956,GHC464,parvidens,F,Jalisco,Rancho los Naranjitos,-104.7803333,20.21416667,1097,37.63
14957,GHC465,parvidens,M,Jalisco,Rancho los Naranjitos,-104.7803333,20.21416667,1097,40.4
14958,GHC469,parvidens,F,Jalisco,Rancho los Naranjitos,-104.7803333,20.21416667,1097,40.5
14959,GHC457,parvidens,F,Jalisco,Rancho los Naranjitos,-104.7803333,20.21416667,1097,39.8
14960,GHC466,parvidens,F,Jalisco,Rancho los Naranjitos,-104.7803333,20.21416667,1097,37
14961,GHC470,parvidens,F,Jalisco,Rancho los Naranjitos,-104.7803333,20.21416667,1097,39.01
14962,GHC456,parvidens,M,Jalisco,Rancho los Naranjitos,-104.7803333,20.21416667,1097,41.6
14963,GHC415,parvidens,M,NAYARIT,Venustiano Carranza,-104.9996111,21.51736111,1136,38.28
14964,GHC412,hondurensis,M,NAYARIT,Venustiano Carranza,-104.9996111,21.51736111,1136,42.52
14965,GHC418,parvidens,F,NAYARIT,Venustiano Carranza,-104.9996111,21.51736111,1136,40
14966,GHC413,parvidens,M,NAYARIT,Venustiano Carranza,-104.9996111,21.51736111,1136,39.4
14966,GHC413,parvidens,M,NAYARIT,La Noria,-104.9940556,21.48477778,1580,39.4
14966,GHC365,hondurensis,M,NAYARIT,Venustiano Carranza,-104.9996111,21.51736111,1136,43.6
14966,GHC365,hondurensis,M,NAYARIT,La Noria,-104.9940556,21.48477778,1580,43.6
14967,GHC434,hondurensis,M,Jalisco,Roca Venados,-104.7543333,20.47688889,1496,42.97
14968,GHC414,hondurensis,F,NAYARIT,Venustiano Carranza,-104.9996111,21.51736111,1136,41
14970,GHC379,hondurensis,F,NAYARIT,La Noria,-104.9940556,21.48477778,1580,42.53
14972,GHC396,hondurensis,M,NAYARIT,La Noria,-104.9940556,21.48477778,1580,40.92
14974,GHC367,hondurensis,M,NAYARIT,La Noria,-104.9940556,21.48477778,1580,42.1
14975,GHC417,parvidens,F,NAYARIT,Venustiano Carranza,-104.9996111,21.51736111,1136,40
14976,GHC445,parvidens,M,Jalisco,Rancho los Naranjitos,-104.7803333,20.21416667,1097,39.55
14977,GHC377,hondurensis,M,NAYARIT,La Noria,-104.9940556,21.48477778,1580,41.7
14978,GHC375,parvidens,F,NAYARIT,La Noria,-104.9940556,21.48477778,1580,41.9
14979,GHC341,hondurensis,F,Sinaloa,La Chara Pinta,-105.8681667,23.58975,2202,42.1
14980,GHC372,hondurensis,M,NAYARIT,La Noria,-104.9940556,21.48477778,1580,43.03
15080,GHC468,parvidens,M,Jalisco,Rancho los Naranjitos,-104.7803333,20.21416667,1097,39
16014,GHC214,parvidens,F,Guerrero,Los Coquillos,-98.928778,16.72791,157,41
16015,GHC213,parvidens,F,Guerrero,Los Coquillos,-98.928778,16.72791,157,40
16016,GHC215,parvidens,F,Guerrero,Los Coquillos,-98.928778,16.72791,157,41.3
111223,MRM067,parvidens,M,VERACRUZ,Ignacio Zaragoza,-96.96111111,19.98202778,107,41.3
111224,MRM068,parvidens,M,VERACRUZ,Ignacio Zaragoza,-96.96111111,19.98202778,107,38
111225,MRM075,parvidens,F,VERACRUZ,Ignacio Zaragoza,-96.96111111,19.98202778,107,42.4
111226,MRM070,parvidens,M,VERACRUZ,Ignacio Zaragoza,-96.96111111,19.98202778,107,39
111227,MRM077,parvidens,M,VERACRUZ,Ignacio Zaragoza,-96.96111111,19.98202778,107,40.2
999911,AZV002,hondurensis,F,VERACRUZ,La compañía,-97.00438889,18.65013889,1354,44.7
999912,AZV009,parvidens,F,VERACRUZ,La compañía,-97.00438889,18.65013889,1354,40.3
999913,AZV012,hondurensis,M,VERACRUZ,La compañía,-97.00438889,18.65013889,1354,45
999914,AZV013,hondurensis,F,VERACRUZ,La compañía,-97.00438889,18.65013889,1354,44.9
999915,AZV014,hondurensis,F,VERACRUZ,La compañía,-97.00438889,18.65013889,1354,44.6
999916,AZV015,hondurensis,M,VERACRUZ,La compañía,-97.00438889,18.65013889,1354,44.6
999917,AZV016,hondurensis,F,VERACRUZ,La compañía,-97.00438889,18.65013889,1354,44.3
999918,AZV018,hondurensis,M,VERACRUZ,La compañía,-97.00438889,18.65013889,1354,45
999919,AZV042,parvidens,M,VERACRUZ,Aticpac,-96.88697222,18.57105556,548,38
999920,AZV043,parvidens,F,VERACRUZ,Aticpac,-96.88697222,18.57105556,548,37.12
999921,AZV046,parvidens,M,VERACRUZ,Aticpac,-96.88697222,18.57105556,548,39.77
999922,AZV049,parvidens,M,VERACRUZ,Aticpac,-96.88697222,18.57105556,548,39.27
999923,AZV050,parvidens,F,VERACRUZ,Aticpac,-96.88697222,18.57105556,548,38.1
999924,AZV063,parvidens,F,VERACRUZ,Aticpac,-96.89038889,18.57072222,698,39.9
999925,AZV064,parvidens,F,VERACRUZ,Aticpac,-96.89038889,18.57072222,698,38.3
999926,AZV067,parvidens,M,VERACRUZ,Aticpac,-96.89038889,18.57072222,698,37.9
999927,AZV072,parvidens,F,VERACRUZ,Boqueron,-96.86875,18.60255556,226,38.2
999928,AZV074,parvidens,M,VERACRUZ,Boqueron,-96.86875,18.60255556,226,39.9
999929,AZV094,parvidens,F,VERACRUZ,Boqueron,-96.86875,18.60255556,226,40
999930,AZV105,hondurensis,F,VERACRUZ,Ahuatepec,-97.021,18.662,1568,44.22
999931,AZV106,hondurensis,F,VERACRUZ,Ahuatepec,-97.021,18.662,1568,42.97
999932,AZV107,hondurensis,F,VERACRUZ,Ahuatepec,-97.021,18.662,1568,44.14
999933,AZV108,hondurensis,M,VERACRUZ,Ahuatepec,-97.021,18.662,1568,41.67
999934,AZV109,hondurensis,F,VERACRUZ,Ahuatepec,-97.021,18.662,1568,42.25
999935,AZV110,hondurensis,M,VERACRUZ,Ahuatepec,-97.021,18.662,1568,44.83
999936,AZV111,hondurensis,F,VERACRUZ,Ahuatepec,-97.021,18.662,1568,43.15
999937,AZV113,hondurensis,F,VERACRUZ,Ahuatepec,-97.021,18.662,1568,44.46
999938,AZV135,hondurensis,F,VERACRUZ,Ahuatepec,-97.021,18.662,1568,44.4
999939,AZV163,hondurensis,M,VERACRUZ,Ahuatepec,-97.021,18.662,1568,44.88
999940,AZV190,parvidens,M,VERACRUZ,Cascada Coxole,-96.96525,18.652,589,39.27
